date,open,high,low,close,volume,barCount,average
2015-01-12,128.7,128.8,126.2,127.1,15618900,7567,127.55145
2015-01-13,125.6,128.3,125.2,127.8,15281600,6962,126.59100000000001
2015-01-14,126.7,127.7,125.1,126.0,15826600,6479,126.1999
2015-01-15,125.5,127.0,124.1,126.9,14878200,6298,125.29615
2015-01-16,125.0,125.0,121.6,121.9,23635900,8621,122.8557
2015-01-19,124.3,125.2,122.2,123.0,20271200,15516,123.70615
2015-01-20,123.6,124.8,123.3,124.1,9986400,4404,124.12515
2015-01-21,126.2,128.9,125.2,128.7,31462900,10398,128.0783
2015-01-22,130.5,132.0,129.7,131.6,36048200,12943,131.42725
2015-01-23,134.5,134.9,131.1,132.7,28224700,9586,132.9614
2015-01-26,136.7,137.1,134.3,137.0,31504700,13812,136.0851
2015-01-27,137.8,138.0,133.0,136.0,22404400,8882,135.18385
2015-01-28,136.2,137.0,134.7,136.9,14980100,5705,136.31615
2015-01-29,136.0,136.4,133.8,134.6,13523300,5619,134.91925
2015-01-30,135.0,135.3,129.5,132.0,27039300,11837,131.3262
2015-02-02,130.0,136.8,130.0,135.8,15792400,6618,134.3238
2015-02-03,135.5,137.3,133.0,135.1,13648900,7094,135.1615
2015-02-04,135.3,136.1,133.3,133.9,8773600,6240,134.5964
2015-02-05,137.0,137.0,133.0,135.2,16988100,6229,134.9572
2015-02-06,135.6,136.3,134.0,134.2,10141300,6435,135.0797
2015-02-09,133.5,133.6,131.8,132.6,11539300,5034,132.69255
2015-02-10,132.4,134.0,132.0,133.0,11331500,5185,133.08225
2015-02-11,134.0,134.0,131.4,131.6,11400100,4723,132.1556
2015-02-12,130.0,130.9,128.0,129.6,22572200,7732,129.4279
2015-02-13,129.6,132.3,129.1,130.2,14657200,6255,130.6251
2015-02-16,130.3,132.3,130.0,130.5,9605300,5230,130.9345
2015-02-17,130.6,132.0,130.3,130.8,8075400,3234,131.0333
2015-02-18,131.1,131.4,129.5,129.9,7060100,3396,130.11095
2015-02-23,132.6,135.3,131.1,134.8,22634900,7231,133.3737
2015-02-24,135.8,136.4,133.8,135.1,15781700,6161,134.81215
2015-02-25,134.4,136.4,133.6,135.8,18139600,6507,135.36205
2015-02-26,134.5,136.4,134.4,135.6,19209100,7768,135.6852
2015-02-27,135.8,136.7,134.7,135.9,15868700,5158,136.1714
2015-03-02,136.7,137.0,134.0,136.7,11522900,6530,135.73255
2015-03-03,137.1,138.0,135.0,135.3,15709800,6991,136.79795
2015-03-04,134.5,134.7,133.0,133.3,10980700,5105,133.8302
2015-03-05,132.3,134.6,131.8,132.1,11568200,5856,132.5623
2015-03-06,132.2,133.1,131.0,131.7,11647700,6547,131.7802
2015-03-09,131.8,133.7,130.8,132.2,11817400,6596,132.69385
2015-03-10,132.5,132.7,130.7,131.1,11889200,6231,131.40555
2015-03-11,131.5,132.5,131.1,131.7,12815200,11658,131.71995
2015-03-12,130.9,132.2,130.2,131.8,14485100,7047,131.2379
2015-03-13,132.8,134.8,131.7,133.6,13870700,5877,133.186
2015-03-16,133.0,136.3,131.7,135.6,18008600,6814,134.95395
2015-03-17,137.1,137.5,133.1,133.8,16613700,7137,135.01435
2015-03-18,134.6,137.3,134.2,135.9,20245000,7637,136.11785
2015-03-19,137.9,145.3,136.7,145.0,62017800,17138,140.6445
2015-03-20,146.4,148.8,141.1,142.6,65397800,14249,144.6011
2015-03-23,144.2,146.5,142.7,145.2,26433300,8752,145.0021
2015-03-24,146.5,146.6,142.7,143.0,15569500,7318,143.8826
2015-03-25,142.9,145.1,141.6,142.7,20088400,7322,143.03505
2015-03-26,141.6,142.8,140.6,140.8,16258600,6578,141.3501
2015-03-27,143.0,143.0,140.3,141.9,14812200,7073,141.13785
2015-03-30,145.8,146.8,144.0,144.7,21330500,8861,145.5182
2015-03-31,150.0,151.3,146.2,147.2,19954900,7977,147.3911
2015-04-01,148.4,148.6,146.6,148.0,14749800,6077,147.69295
2015-04-02,148.9,150.0,147.3,149.8,12813800,7009,148.554
2015-04-08,151.9,155.0,151.0,154.5,29215700,13076,152.5535
2015-04-09,158.5,170.4,158.5,159.9,62108700,21630,163.0893
2015-04-10,161.0,164.0,158.1,161.8,35488600,13004,160.0042
2015-04-13,164.5,171.0,162.5,170.5,40204400,13021,166.80915
2015-04-14,161.3,163.9,156.4,161.2,55828200,17745,161.6372
2015-04-15,160.0,160.0,155.5,157.6,43773400,15807,157.44995
2015-04-16,156.3,161.5,155.0,160.0,31232000,15467,158.65305
2015-04-17,158.0,160.7,158.0,158.8,20401500,7776,159.34855
2015-04-20,159.0,159.8,152.5,153.1,26820700,11542,155.35945
2015-04-21,153.1,159.8,153.1,159.1,22102500,10335,158.1944
2015-04-22,158.7,164.3,158.6,162.7,23452000,9168,162.35415
2015-04-23,164.7,165.6,160.7,160.9,20535200,8818,163.3147
2015-04-24,161.4,162.9,159.5,161.6,18167700,6738,161.2498
2015-04-27,161.9,164.9,161.7,162.6,18327100,8629,163.48225
2015-04-28,162.1,164.3,161.0,163.6,19139600,6628,163.26765
2015-04-29,164.0,165.4,162.5,164.2,17189500,10090,164.02835
2015-04-30,163.7,163.8,160.7,160.9,19660800,8133,161.56735
2015-05-04,159.4,161.1,157.6,158.0,20695500,11257,158.765
2015-05-05,158.5,160.8,155.7,157.6,17115100,9027,157.8851
2015-05-06,155.3,159.2,155.0,156.0,18050300,11718,157.11495
2015-05-07,154.9,155.9,151.8,153.0,18696600,8240,153.84055
2015-05-08,155.9,158.0,153.7,154.0,17373300,8790,155.39065
2015-05-11,155.6,160.5,155.3,158.6,19818000,7831,158.86925
2015-05-12,159.5,161.8,156.7,157.0,20656000,7796,159.28065
2015-05-13,157.5,159.6,155.9,156.8,18243100,6661,157.2121
2015-05-14,162.6,163.9,160.0,161.3,23213500,10326,161.4828
2015-05-15,162.4,163.6,161.0,162.3,21099600,7278,162.42575
2015-05-18,162.5,163.2,160.4,161.1,13403200,5434,161.5487
2015-05-19,162.2,162.3,160.3,161.4,11796300,5737,161.632
2015-05-20,161.2,161.8,158.1,158.6,15708800,6121,159.3654
2015-05-21,156.1,157.9,156.0,156.8,16837500,7508,156.8256
2015-05-22,159.0,159.9,157.2,158.8,13284700,5795,159.26155
2015-05-26,161.9,162.2,158.5,158.8,19101500,9098,160.0339
2015-05-27,159.1,159.6,157.1,157.9,15197000,7232,158.3146
2015-05-28,159.2,159.2,153.6,155.2,23373100,8702,155.8457
2015-05-29,156.0,158.3,154.7,155.7,22229800,9057,156.32805
2015-06-01,155.7,158.4,154.1,156.1,13464900,6019,156.8558
2015-06-02,156.1,158.0,155.0,157.2,13496500,6871,156.8931
2015-06-03,157.9,158.9,157.3,158.1,12990300,5979,158.25365
2015-06-04,159.5,159.5,154.7,157.8,19582400,6808,157.5153
2015-06-05,157.8,158.0,154.5,154.7,14539300,5710,156.0351
2015-06-08,153.6,155.9,152.1,155.1,15998900,6187,154.7134
2015-06-09,154.8,155.8,153.3,155.0,13656000,6800,154.309
2015-06-10,156.6,156.6,153.0,153.2,13093100,6637,154.59555
2015-06-11,155.5,155.6,153.7,154.3,12566500,5976,154.6633
2015-06-12,156.0,157.5,154.9,157.2,12027500,6550,156.1272
2015-06-15,158.2,158.4,154.6,155.2,11593700,5083,156.1193
2015-06-16,154.0,155.5,153.5,154.1,9055400,4636,154.3943
2015-06-17,155.8,156.7,153.6,154.3,12248600,6332,154.94795
2015-06-18,154.5,155.6,153.0,154.3,8282300,3962,154.59885
2015-06-19,155.3,155.8,154.0,154.2,13052400,4344,154.9397
2015-06-22,155.8,157.9,154.6,157.0,13137800,4108,156.0676
2015-06-23,158.9,159.0,156.5,158.1,12875900,5185,157.80395
2015-06-24,159.2,163.8,158.6,163.7,21266800,10168,161.58715
2015-06-25,163.2,163.6,161.4,162.0,12552200,6250,162.3052
2015-06-26,161.8,161.8,159.2,159.9,17491500,7054,160.1505
2015-06-29,159.3,159.9,150.0,153.1,27359700,10764,153.85355
2015-06-30,152.5,156.0,151.2,154.7,18930700,8582,154.0484
2015-07-02,155.0,157.9,155.0,156.5,20044200,8098,156.757
2015-07-03,156.0,156.3,153.0,155.1,12572300,5043,154.77615
2015-07-06,154.0,156.0,140.0,146.5,46902700,17913,145.66485
2015-07-07,149.4,149.9,141.5,144.7,25429100,10927,144.45635
2015-07-08,141.5,141.5,131.4,134.8,69481200,20954,135.3592
2015-07-09,137.4,148.3,137.4,146.0,41946700,19468,144.28165
2015-07-10,150.0,153.5,148.3,148.9,33716000,12528,149.7451
2015-07-13,150.0,151.6,146.1,150.5,17849900,7629,149.64295
2015-07-14,151.3,153.3,150.0,151.7,17048000,7287,151.39525
2015-07-15,152.7,152.7,148.1,150.0,14268600,7748,149.47265
2015-07-16,149.2,150.5,147.0,150.0,11989000,5945,149.3611
2015-07-17,151.8,154.3,150.6,153.6,13366200,5835,153.5451
2015-07-20,155.9,157.9,155.1,155.5,14638300,6747,156.3621
2015-07-21,157.0,157.1,154.6,156.6,10431500,5828,156.17005
2015-07-22,155.5,155.9,153.0,154.5,9607100,4324,154.0941
2015-07-23,156.4,156.4,153.4,154.5,10891000,4179,154.5701
2015-07-24,152.9,153.0,150.5,151.5,10912100,5054,151.89365
2015-07-27,150.5,150.8,145.0,145.6,20392200,8266,146.39755
2015-07-28,142.6,149.7,141.1,146.5,22775400,10484,146.0428
2015-07-29,146.0,146.5,142.5,144.4,19599000,7451,144.2082
2015-07-30,145.5,146.5,142.5,142.8,12644200,6612,144.06985
2015-07-31,144.0,145.1,142.5,144.7,12186500,5346,143.96815
2015-08-03,144.0,144.8,142.1,144.0,10546500,5735,143.47095
2015-08-04,143.0,144.0,141.2,143.0,15153000,7263,142.50005
2015-08-05,142.1,142.7,140.5,142.4,10599000,5441,141.70885
2015-08-06,143.0,143.7,139.2,140.9,13344000,6549,140.63765
2015-08-07,139.5,142.4,139.1,142.1,9882200,5825,141.4794
2015-08-10,140.1,143.2,138.6,142.8,10323400,5623,141.2155
2015-08-11,143.0,145.9,140.6,140.8,14698400,5875,143.02545
2015-08-12,140.0,140.4,133.9,134.9,37208600,13262,135.7541
2015-08-13,137.9,145.5,137.4,144.1,39843300,15883,142.55200000000002
2015-08-14,145.0,145.4,142.7,143.4,15135900,6404,144.02155
2015-08-17,143.7,143.8,140.3,142.0,16274300,8369,141.8909
2015-08-18,142.5,144.3,139.2,139.4,11949700,4522,141.45975
2015-08-19,139.6,141.4,138.6,139.6,15868700,6104,139.8089
2015-08-20,137.6,138.4,135.0,136.2,23796400,9081,136.23785
2015-08-21,132.0,133.4,130.0,131.6,33605100,12698,131.96555
2015-08-24,127.8,128.8,125.0,125.0,44678100,16151,125.929
2015-08-25,125.1,135.5,124.0,130.9,48556200,19526,130.50175
2015-08-26,131.8,132.4,128.0,128.6,29252500,10789,129.8673
2015-08-27,134.0,134.9,127.2,132.2,40247300,13078,130.9193
2015-08-28,135.1,136.2,130.0,130.7,32142800,8905,132.55675
2015-08-31,132.0,133.6,129.5,131.8,17959800,6648,131.06075
2015-09-01,131.6,132.4,127.0,127.2,18184200,7385,129.42995
2015-09-02,125.6,130.5,125.2,127.4,24252300,9760,127.59735
2015-09-04,130.0,130.2,126.6,127.4,16792800,6882,127.62895
2015-09-07,126.6,129.3,125.8,126.4,17843500,6971,127.32635
2015-09-08,126.1,130.7,125.1,129.4,22769700,7646,128.09255
2015-09-09,130.9,135.0,130.0,133.6,25849500,10738,132.3687
2015-09-10,131.1,131.5,128.5,128.6,17918400,6408,129.92905
2015-09-11,129.4,131.3,127.1,127.4,22252600,8272,129.12055
2015-09-14,128.4,129.4,127.3,128.0,11692500,6320,128.26415
2015-09-15,127.8,131.9,127.6,131.2,18088700,6820,130.40125
2015-09-16,132.6,135.9,132.5,135.4,23500100,9108,134.59455
2015-09-17,137.5,137.7,131.6,134.3,22658700,10373,135.07455
2015-09-18,134.8,136.4,134.4,135.3,23403900,6967,135.5092
2015-09-21,134.0,134.4,132.1,133.8,14029900,5488,133.34965
2015-09-22,134.8,134.8,132.0,132.4,18665500,6670,133.4562
2015-09-23,130.8,131.8,129.2,130.9,17564000,8234,130.4801
2015-09-24,130.8,131.8,130.1,130.7,14079600,5572,130.63055
2015-09-25,130.7,131.3,128.8,131.0,16745200,8469,130.23705
2015-09-29,125.3,127.9,125.3,127.3,24317100,8059,126.86415
2015-09-30,131.0,131.0,127.6,129.3,20194800,8780,129.6721
2015-10-02,131.8,135.8,131.1,135.5,25627500,9800,133.83775
2015-10-05,139.5,140.2,138.7,139.7,22943800,9485,139.6017
2015-10-06,141.8,141.9,138.0,139.6,18148100,7971,139.46025
2015-10-07,140.2,142.3,138.1,142.0,19021400,7634,140.0708
2015-10-08,143.5,143.5,140.6,142.1,16307500,6204,141.96805
2015-10-09,144.0,144.1,140.1,141.9,15286600,5780,141.9551
2015-10-12,143.7,144.0,141.4,144.0,13347100,5655,142.72695
2015-10-13,143.8,143.8,141.6,142.9,9050100,5342,142.5967
2015-10-14,143.0,143.5,141.6,142.6,10665800,4228,142.49355
2015-10-15,142.4,145.5,141.7,145.0,14986800,5737,144.4466
2015-10-16,147.6,147.9,145.1,146.6,15489000,6373,146.57385
2015-10-19,148.0,148.0,145.2,147.1,9952600,4435,146.61
2015-10-20,147.1,147.3,145.1,146.9,8482600,3807,146.44555
2015-10-22,148.0,148.0,145.5,146.3,11787800,5401,146.27075
2015-10-23,149.8,149.8,148.2,149.2,18520100,6692,148.9557
2015-10-26,152.0,152.0,148.2,149.0,13946200,6582,149.53005
2015-10-27,148.6,149.5,147.1,149.1,13379600,4914,148.43825
2015-10-28,150.0,150.0,148.1,149.8,9993100,5424,149.32445
2015-10-29,150.7,150.7,147.3,148.0,10845700,7640,148.7098
2015-10-30,145.1,147.7,145.1,146.6,13075800,6070,146.3969
2015-11-02,148.8,148.8,146.2,147.5,10638700,5336,147.62975
2015-11-03,149.5,151.4,148.9,150.5,21599800,7688,150.46165
2015-11-04,153.6,156.7,151.9,153.0,26277700,9605,153.6844
2015-11-05,152.3,153.4,151.7,152.3,14189300,7901,152.36905
2015-11-06,152.5,155.0,151.1,154.5,10813600,6302,153.7587
2015-11-09,153.5,155.4,151.5,152.0,13631600,6279,153.26285
2015-11-10,150.1,150.8,148.4,150.4,13646300,5981,149.80425
2015-11-11,152.7,154.5,150.8,151.5,25076700,10179,153.14245
2015-11-12,153.5,155.7,152.5,155.0,22220600,9796,154.51845
2015-11-13,152.0,153.3,151.3,152.2,12435500,5377,152.34775
2015-11-16,148.8,150.3,148.6,149.1,13729500,8452,149.5385
2015-11-17,151.0,153.7,150.5,151.2,14795500,7233,152.3635
2015-11-18,153.0,153.1,150.5,151.4,9125800,5062,151.662
2015-11-19,153.6,154.7,152.0,153.1,13223300,7500,153.14095
2015-11-20,153.1,155.4,152.0,155.1,10651700,4172,153.6775
2015-11-23,156.5,157.4,155.0,155.5,13015700,5363,156.37835
2015-11-24,156.0,156.6,155.0,156.1,9678800,4081,155.77495
2015-11-25,156.7,156.7,155.4,156.4,12626100,6366,156.0061
2015-11-26,158.0,158.3,155.7,155.7,13679000,5929,157.2022
2015-11-27,155.2,155.5,152.3,153.2,15893000,5448,153.44225
2015-11-30,153.6,155.8,151.6,154.3,31673000,12815,154.04185
2015-12-01,156.4,157.5,153.8,154.3,23360000,9268,155.1535
2015-12-02,154.9,155.5,153.0,153.7,20163600,8141,153.9435
2015-12-03,153.8,155.4,153.0,154.4,26609400,8725,154.3268
2015-12-04,151.0,151.6,149.0,151.0,48946100,13753,150.20605
2015-12-07,152.6,152.7,150.6,150.9,14654500,6538,151.37215
2015-12-08,151.0,151.0,148.4,149.7,17106300,7428,149.55175
2015-12-09,148.4,152.0,148.4,150.7,16927200,6140,150.9091
2015-12-10,151.9,151.9,150.0,150.4,13180900,5314,150.90335
2015-12-11,150.9,151.1,146.9,147.6,19125300,6489,148.71415
2015-12-14,145.5,146.8,143.0,146.5,16038000,7287,145.52655
2015-12-15,146.7,149.3,146.5,147.5,14847900,7287,148.18095
2015-12-16,151.0,152.0,149.5,151.8,13687700,6244,151.01205
2015-12-17,153.1,153.7,151.3,151.6,14905800,10388,152.189
2015-12-18,151.5,152.3,150.8,151.3,17523900,5639,151.4469
2015-12-21,151.1,151.3,149.9,150.3,8149500,4126,150.50545
2015-12-22,151.3,151.3,149.3,150.8,6774300,4801,150.3506
2015-12-23,151.4,152.5,151.2,152.2,7033500,7175,151.97315
2015-12-24,153.0,153.0,151.6,151.8,4423800,2888,152.1428
2015-12-28,152.4,152.5,150.6,150.9,6514300,2624,151.64475
2015-12-29,151.7,152.0,150.3,150.8,6964700,3535,150.9433
2015-12-30,151.9,152.4,150.5,150.7,6881900,3884,151.52725
2015-12-31,151.5,152.7,151.1,152.5,6793100,2353,152.02275
2016-01-04,151.4,152.0,148.7,149.1,15724400,6229,149.7111
2016-01-05,148.8,150.5,146.6,147.4,15463500,7713,147.9862
2016-01-06,145.7,146.9,145.1,146.0,14870700,6882,146.02565
2016-01-07,144.6,146.0,140.0,140.2,22943000,9622,141.81505
2016-01-08,140.8,143.7,140.8,142.6,17888900,7808,142.66505
2016-01-11,138.2,141.3,137.7,138.0,21508700,7221,138.972
2016-01-12,137.0,139.8,135.9,136.1,21057300,6925,137.4305
2016-01-13,137.1,140.0,137.0,137.4,22987500,6928,138.5061
2016-01-14,135.5,138.5,135.0,137.1,24877500,7227,136.6525
2016-01-15,137.2,139.4,136.3,137.0,22116100,6666,137.7422
2016-01-18,135.0,137.6,134.3,136.0,20580500,7736,135.72065
2016-01-19,136.0,140.0,136.0,139.8,21979200,9054,138.90775
2016-01-20,136.9,137.6,133.8,135.4,25940700,9543,135.69945
2016-01-21,136.2,138.7,133.1,133.1,29307100,8844,136.00045
2016-01-22,136.1,139.7,136.1,139.0,23822200,11823,137.9747
2016-01-25,140.0,144.7,139.4,144.3,30079800,10644,142.98805
2016-01-26,142.1,143.5,140.6,141.8,24233000,7232,142.5147
2016-01-27,143.9,144.5,139.0,140.5,25310700,10212,141.2037
2016-01-28,140.5,143.4,139.4,141.6,22456200,8392,141.16295
2016-01-29,141.1,145.0,141.1,144.9,25174000,7903,143.4245
2016-02-01,146.3,147.1,144.8,147.0,18584100,8537,146.00735
2016-02-02,147.7,147.7,144.0,145.6,16389200,6960,145.77685
2016-02-03,142.2,142.2,140.0,141.6,20303400,8485,141.06815
2016-02-04,143.0,143.1,141.5,141.9,14971400,7679,142.24935
2016-02-05,142.7,144.5,142.1,143.9,11700400,6975,143.17495
2016-02-11,137.2,138.7,134.1,135.9,34734500,13859,136.06245
2016-02-12,132.7,134.9,132.1,133.3,23247900,13320,133.0644
2016-02-15,136.7,138.6,135.3,138.2,19424400,9134,137.0485
2016-02-16,138.2,140.4,138.2,139.3,14602800,6926,139.6461
2016-02-17,141.0,141.5,137.3,138.2,16697800,7977,139.45945
2016-02-18,142.0,142.5,139.2,142.3,18666100,7499,141.2788
2016-02-19,141.0,142.7,140.3,141.2,11682600,6540,141.06805
2016-02-22,141.0,142.2,140.5,141.7,9497000,5039,141.3523
2016-02-23,142.5,142.8,140.6,141.9,11086400,4801,141.88455
2016-02-24,141.7,141.7,138.6,140.4,14641100,6798,140.0724
2016-02-25,140.4,141.0,138.7,139.0,10623000,6281,139.61595
2016-02-26,140.8,143.2,140.8,142.7,17019800,7170,142.21115
2016-02-29,142.7,142.8,139.6,141.9,12445600,5968,141.20155
2016-03-01,142.0,144.6,141.5,144.5,14386200,6670,143.07845
2016-03-02,147.1,148.5,145.8,148.3,22770800,8190,147.3518
2016-03-03,149.0,149.0,146.0,147.6,15078600,6522,147.1036
2016-03-04,148.5,149.4,145.5,147.2,19266400,7406,147.1442
2016-03-07,148.0,148.6,145.5,146.5,12803300,6736,146.5515
2016-03-08,145.3,146.9,144.1,146.3,10193600,4758,145.5625
2016-03-09,145.0,145.8,143.4,145.7,12925600,7196,144.7841
2016-03-10,145.1,146.2,144.8,145.0,9780200,5062,145.29895
2016-03-11,144.8,148.5,144.3,148.1,15857700,6726,147.22315
2016-03-14,149.0,153.5,148.4,153.3,26387600,11862,151.8588
2016-03-15,150.8,153.5,150.6,151.3,15768800,7106,151.50915
2016-03-16,150.8,151.5,149.2,150.9,13264700,5511,150.43225
2016-03-17,153.0,153.5,151.0,152.3,13095900,6429,152.28035
2016-03-18,159.0,159.2,155.8,157.9,50694000,14654,157.43095
2016-03-21,158.6,158.7,157.1,158.1,17156500,8582,157.8177
2016-03-22,159.9,159.9,158.0,159.5,18820900,9355,159.2413
2016-03-23,159.8,159.9,158.4,159.7,14011100,7221,159.25655
2016-03-24,159.0,159.8,157.7,158.8,17968400,7437,158.4965
2016-03-29,159.0,159.0,157.0,157.3,15805500,6764,157.7862
2016-03-30,159.0,159.5,157.9,158.2,19420700,7551,158.6433
2016-03-31,159.3,159.3,157.1,158.4,16667300,7152,158.1706
2016-04-01,159.6,159.6,157.8,158.5,15259200,5990,158.4408
2016-04-05,157.0,157.0,154.4,156.6,13611500,6526,155.96655
2016-04-06,157.6,159.1,157.0,159.0,17139700,6764,158.2675
2016-04-07,159.9,162.0,159.6,161.8,20047400,6803,160.7939
2016-04-08,160.5,161.0,159.2,160.0,14329100,6467,160.0078
2016-04-11,158.2,160.8,158.2,159.5,9139400,4570,159.5243
2016-04-12,159.9,160.2,159.2,160.0,11904100,5930,159.86875
2016-04-13,162.0,164.7,161.2,164.5,32075700,9894,163.0516
2016-04-14,165.5,167.2,161.5,165.0,24524800,8011,164.12185
2016-04-15,164.5,165.5,163.4,165.3,11166200,5392,164.8086
2016-04-18,165.0,166.0,164.1,165.7,8673700,5048,164.79195
2016-04-19,165.6,166.5,163.4,165.7,13484900,5580,164.98845
2016-04-20,165.5,165.5,161.5,161.9,14964300,6741,162.8201
2016-04-21,163.0,164.3,162.1,163.5,12204400,5261,162.9885
2016-04-22,161.0,163.0,160.2,162.8,8454700,5876,161.54745
2016-04-25,160.4,161.0,159.6,159.9,10326500,5222,160.1959
2016-04-26,161.0,162.0,158.8,161.8,8481600,5629,160.32355
2016-04-27,160.2,160.3,158.4,159.5,11147600,6264,159.18875
2016-04-28,160.7,162.6,160.0,161.0,18200900,7139,161.36995
2016-04-29,160.0,160.3,158.8,158.9,9831500,7169,159.2998
2016-05-03,158.9,158.9,155.1,155.3,14593400,6425,156.44655
2016-05-04,155.7,155.7,153.4,154.5,15829700,6591,154.39945
2016-05-05,153.0,154.7,152.5,153.2,12984300,5446,153.696
2016-05-06,153.3,155.5,152.2,153.9,15630600,6782,153.93465
2016-05-09,155.5,155.8,154.2,155.1,8928200,4263,155.06675
2016-05-10,154.3,156.7,154.3,156.4,10828400,6733,155.4534
2016-05-11,158.4,158.4,156.0,156.5,10720800,5099,157.13285
2016-05-12,156.6,156.6,154.0,154.2,13030700,7470,154.8682
2016-05-13,155.6,156.3,153.7,155.1,17437900,9500,155.2385
2016-05-16,156.1,160.3,155.8,159.9,20105100,8205,159.19465
2016-05-17,162.3,164.3,160.9,162.9,21512800,9221,162.5806
2016-05-18,161.0,162.4,160.0,161.1,17900700,12090,160.98935
2016-05-19,155.3,159.1,155.3,157.2,33215100,13232,157.10885
2016-05-20,155.3,159.2,155.3,158.5,18372200,8124,157.8208
2016-05-23,159.6,161.6,158.8,159.1,11396800,6232,160.1422
2016-05-24,160.0,161.0,159.6,160.5,10824900,5658,160.5691
2016-05-25,163.0,164.8,162.8,164.5,20192100,9009,164.09065
2016-05-26,164.9,164.9,162.5,163.8,13339200,9163,163.56445
2016-05-27,165.0,171.8,164.5,171.2,39927700,11970,168.8156
2016-05-30,171.2,172.5,169.4,169.9,19978200,12007,170.84065
2016-05-31,172.0,173.7,171.0,173.3,54009900,13433,172.8389
2016-06-01,172.0,172.9,169.8,170.4,14444100,8040,171.03715
2016-06-02,170.0,170.5,168.4,170.2,19318300,7880,169.3734
2016-06-03,170.3,172.3,169.5,170.8,26328500,7780,170.6944
2016-06-06,170.1,174.0,170.1,173.8,12141600,5629,172.4789
2016-06-07,175.0,176.8,174.5,176.6,16381700,8646,175.54435
2016-06-08,176.6,176.6,174.6,175.9,16756900,8273,175.3553
2016-06-10,178.5,178.5,174.8,175.1,18054600,8485,176.28475
2016-06-13,170.1,171.8,169.2,169.5,18617900,9852,170.0899
2016-06-14,168.8,169.4,167.6,168.3,16283900,7322,168.42235
2016-06-15,167.7,174.1,167.3,173.0,17328200,9084,171.28225
2016-06-16,172.8,173.0,168.4,168.8,14163600,6861,169.7056
2016-06-17,170.5,171.3,167.5,168.9,16149400,7855,168.95475
2016-06-20,170.0,171.2,169.0,170.7,8807300,5865,170.27725
2016-06-21,172.0,173.3,171.0,172.9,9587200,5708,172.00765
2016-06-22,173.1,177.9,172.9,177.1,18938800,8466,176.10605
2016-06-23,176.0,176.4,173.3,176.1,11585400,6495,175.40445
2016-06-24,174.8,177.6,168.1,173.8,30089700,13915,171.49005
2016-06-27,170.1,172.1,170.1,170.9,15149100,7803,171.0108
2016-06-28,167.0,170.8,167.0,170.5,17586400,9967,169.1654
2016-06-29,170.4,172.7,170.4,172.4,12848100,6210,171.5871
2016-06-30,174.9,176.6,173.7,176.1,16406600,6967,175.12705
2016-07-04,178.1,179.5,177.0,178.9,15151600,7886,178.64135
2016-07-05,179.0,179.0,176.1,176.4,9259300,4732,177.5022
2016-07-06,174.1,175.5,173.0,174.3,11257000,7662,174.1755
2016-07-07,175.0,177.4,174.6,176.3,7628800,5483,176.31925
2016-07-08,177.2,178.4,176.4,177.0,13483200,4634,177.30555
2016-07-11,179.9,180.8,179.2,180.0,12476800,6567,179.9201
2016-07-12,181.7,181.7,178.5,180.9,13144700,6435,180.2359
2016-07-13,180.8,181.7,180.4,181.2,10822800,5960,181.0503
2016-07-14,180.6,184.0,179.9,183.5,12422400,5742,181.8471
2016-07-15,184.3,186.2,183.1,184.8,15154200,6735,184.8306
2016-07-18,184.0,185.8,183.7,185.0,9737700,4942,184.69625
2016-07-19,184.5,185.0,183.1,183.3,11335500,8225,183.584
2016-07-20,184.4,186.0,183.5,185.6,12691600,6807,184.89245
2016-07-21,186.2,186.5,184.3,184.6,14243500,8180,185.28495
2016-07-22,185.0,185.6,183.6,185.2,7437500,4526,184.7971
2016-07-25,186.9,188.0,185.2,188.0,7573700,5312,186.71715
2016-07-26,186.2,189.7,186.2,186.3,13868600,7247,188.0346
2016-07-27,186.0,189.0,186.0,189.0,11648300,5598,187.6252
2016-07-28,187.5,189.4,186.6,189.0,11175600,6606,188.50425
2016-07-29,189.1,189.8,186.5,186.5,11876800,6992,187.9174
2016-08-01,187.0,187.7,184.2,184.5,18476400,9109,185.7065
2016-08-03,182.0,183.0,181.5,181.5,16341700,8821,182.1198
2016-08-04,182.7,183.6,181.7,182.6,8062600,5178,182.7878
2016-08-05,183.0,186.1,182.5,184.6,9563900,7665,184.78825
2016-08-08,186.2,188.9,186.2,188.8,11035700,6048,188.22235
2016-08-09,188.5,189.5,187.5,188.2,7868600,5453,188.22955
2016-08-10,187.1,189.0,187.0,188.0,6894500,4380,187.84805
2016-08-11,186.8,188.7,186.8,188.7,10782700,5586,187.9988
2016-08-12,190.5,191.5,187.5,187.8,17424000,9027,189.13545
2016-08-15,188.0,191.7,188.0,191.1,12784400,8770,190.47935
2016-08-16,195.5,197.5,193.6,195.4,23843800,10247,195.64415
2016-08-17,195.4,197.9,191.7,193.0,17987300,8894,194.9257
2016-08-18,205.0,205.0,199.7,203.0,39441900,15439,202.81405
2016-08-19,205.0,205.0,201.6,201.8,12190100,7073,202.9586
2016-08-22,202.0,204.8,201.4,204.8,11006200,6956,202.92975
2016-08-23,204.2,205.6,202.4,203.6,8740600,5095,203.93335
2016-08-24,203.6,204.6,200.4,201.0,12861400,5952,202.15305
2016-08-25,202.0,202.0,199.5,199.5,10490500,5932,200.2586
2016-08-26,199.2,202.6,199.2,200.4,7041200,3351,201.12165
2016-08-29,200.8,202.2,200.0,201.4,8476400,5228,201.21165
2016-08-30,202.8,205.0,202.0,204.8,11188300,5642,203.91315
2016-08-31,205.0,205.0,201.0,201.8,14440900,6740,202.5171
2016-09-01,202.4,203.4,202.0,202.6,5832500,3234,202.73705
2016-09-02,202.6,204.6,201.2,201.8,15837000,5882,202.4725
2016-09-05,204.6,210.6,203.6,210.2,17864900,6673,207.9029
2016-09-06,210.0,216.8,209.0,215.0,18486500,8157,213.9458
2016-09-07,216.0,216.4,211.2,213.2,16580100,10088,213.10585
2016-09-08,211.6,216.0,211.4,215.0,14347600,7412,214.4308
2016-09-09,214.6,216.2,212.2,213.8,18201800,7426,214.03735
2016-09-12,210.0,210.6,206.4,207.0,19337900,10380,208.63365
2016-09-13,209.0,211.6,207.2,208.0,13935000,6100,209.3969
2016-09-14,206.6,209.6,206.6,208.6,7534200,5175,208.24195
2016-09-15,208.0,212.2,208.0,209.8,17715700,5740,209.8963
2016-09-19,211.8,212.2,207.6,209.4,17627900,9387,209.40895
2016-09-20,210.0,210.2,208.0,209.0,10042500,6452,208.6914
2016-09-21,208.6,211.4,207.6,211.2,11071900,5856,210.03985
2016-09-22,214.0,215.8,213.2,214.6,17332100,7664,214.4641
2016-09-23,213.4,220.8,212.6,218.2,24469200,8426,217.54105
2016-09-26,217.4,217.4,212.2,213.0,18288800,8265,214.7851
2016-09-27,215.0,217.4,214.0,215.8,14200100,7366,215.65545
2016-09-28,214.0,217.2,214.0,216.6,8080700,5645,216.26985
2016-09-29,218.0,218.4,216.0,217.6,10445900,6925,217.4015
2016-09-30,215.2,216.8,213.0,213.0,14601600,6723,214.76305
2016-10-03,216.4,217.6,215.6,216.8,9037200,6500,216.62099999999998
2016-10-04,217.2,217.6,215.4,217.4,7180700,4408,216.7988
2016-10-05,216.6,217.4,215.8,217.4,6316900,3294,216.72435
2016-10-06,218.0,218.0,216.6,217.4,9969900,4486,217.22185
2016-10-07,216.6,217.4,215.4,216.2,8718600,4282,216.35715
2016-10-11,217.4,218.2,214.4,215.8,12325500,13320,216.2153
2016-10-12,213.6,214.2,211.0,213.4,16510700,16993,212.40465
2016-10-13,211.0,213.2,209.4,210.0,16563000,17743,210.62005
2016-10-14,208.4,211.0,208.4,209.0,13562000,13655,209.5341
2016-10-17,209.0,210.0,207.2,208.8,9483400,12060,208.9133
2016-10-18,209.4,213.2,209.0,212.4,9723100,12998,211.8484
2016-10-19,211.4,214.4,211.4,212.8,7177800,8589,212.7741
2016-10-20,214.0,215.4,213.4,214.2,6972900,9896,214.62675
2016-10-24,213.8,215.4,212.2,215.4,12838300,14789,214.11205
2016-10-25,216.2,216.2,214.8,214.8,7697600,9514,215.47125
2016-10-26,213.0,215.8,212.2,212.2,7227500,9684,213.4843
2016-10-27,212.6,213.4,210.0,210.6,10167100,11008,211.0355
2016-10-28,210.6,210.8,205.2,208.0,17434600,17462,208.2638
2016-10-31,209.0,209.0,205.8,205.8,11778700,14220,207.22765
2016-11-01,207.8,209.6,207.2,207.2,14419700,14731,208.2722
2016-11-02,205.0,206.4,203.4,204.4,11993600,12809,204.614
2016-11-03,202.4,203.4,200.8,202.0,16764100,19502,202.17375
2016-11-04,199.8,202.2,199.5,200.0,16046300,19930,200.2599
2016-11-07,199.0,206.8,199.0,204.2,15409500,17248,204.31225
2016-11-08,205.8,207.2,204.4,205.6,11808300,16304,205.7371
2016-11-09,206.8,206.8,199.5,202.4,33269800,30510,202.09515
2016-11-10,206.4,209.4,206.0,208.2,18220500,17678,208.09165
2016-11-11,203.0,203.8,200.0,200.0,44298300,42642,201.62995
2016-11-14,195.8,196.0,192.2,192.6,48433100,53415,193.68875
2016-11-15,190.0,194.0,189.7,193.2,28778500,35349,192.3913
2016-11-16,196.0,199.5,195.5,196.9,25515500,31043,198.0027
2016-11-17,195.0,197.7,193.4,194.8,26059800,34990,194.7667
2016-11-18,195.1,197.5,193.8,195.4,15608800,22605,195.87765
2016-11-21,195.1,195.6,192.0,193.6,14653200,21632,193.67755
2016-11-22,195.9,196.3,194.1,195.8,12506000,19129,195.52415
2016-11-23,196.2,196.3,193.5,194.3,14063800,17369,194.3555
2016-11-24,193.5,194.1,191.7,192.2,13826200,17740,192.50465
2016-11-25,193.2,193.8,192.1,193.0,7346800,10257,193.15855
2016-11-28,193.0,196.8,193.0,195.3,16358900,19667,195.5028
2016-11-29,197.0,197.8,193.0,193.0,19208600,18921,195.5781
2016-11-30,192.9,194.5,192.1,193.7,17260300,19296,193.6435
2016-12-01,195.0,195.4,193.3,194.5,13428200,19146,194.47325
2016-12-02,191.0,191.5,189.6,191.0,30213600,35035,190.52435
2016-12-05,190.0,192.6,189.2,190.0,13165400,19061,190.51705
2016-12-06,191.9,192.4,189.6,189.9,10524600,14152,190.71400000000003
2016-12-07,190.7,191.4,189.6,190.2,8898900,15500,190.35295
2016-12-08,192.8,193.4,190.1,190.9,14951600,16060,191.732
2016-12-09,189.0,190.4,186.4,188.2,21875800,27987,187.9537
2016-12-12,189.9,189.9,184.4,185.1,21435900,25021,185.6603
2016-12-13,187.0,187.0,184.8,186.3,15471400,21848,185.89035
2016-12-14,188.0,189.5,186.8,186.8,17662200,23697,188.2616
2016-12-15,185.4,186.2,182.8,184.0,22809200,26243,184.38025
2016-12-16,182.3,184.6,182.3,183.9,21401000,19195,183.58465
2016-12-19,182.2,183.1,182.2,182.2,9786800,15645,182.52065
2016-12-20,182.0,183.7,180.6,181.7,12295600,16060,181.954
2016-12-21,181.7,183.5,181.7,182.2,10344700,14720,182.42055
2016-12-22,183.3,183.8,181.2,181.5,12730100,16872,182.0663
2016-12-23,181.0,181.0,179.6,179.7,14668100,17130,180.1377
2016-12-28,181.0,185.3,180.3,183.6,17887100,20589,183.30505
2016-12-29,183.0,189.4,183.0,187.6,21306600,25500,187.61465
2016-12-30,190.0,190.8,189.0,189.7,13336700,16525,190.0032
2017-01-03,188.0,191.1,188.0,189.4,9052500,12636,189.55595
2017-01-04,190.4,190.5,188.1,189.0,10847700,14243,189.24095
2017-01-05,191.0,194.2,190.7,193.3,19580800,23932,192.78385
2017-01-06,196.2,196.8,194.7,195.1,19599200,23600,195.6328
2017-01-09,196.7,196.9,195.2,195.6,12842200,16393,195.9208
2017-01-10,197.5,198.0,196.1,198.0,14849000,17634,197.1834
2017-01-11,200.0,201.4,198.7,200.8,20273700,24193,200.34475
2017-01-12,201.0,201.0,196.6,198.8,16143100,18248,198.7622
2017-01-13,199.0,200.2,198.7,199.7,10012600,14804,199.5352
2017-01-16,199.7,199.7,196.0,196.7,11373200,14432,197.2553
2017-01-17,199.9,199.9,197.5,197.7,8621400,9991,198.1501
2017-01-18,198.6,199.8,198.0,199.7,10898800,14710,199.23145
2017-01-19,200.6,200.6,198.3,199.5,9417800,12133,199.18495
2017-01-20,199.0,199.4,197.7,197.7,7306500,10692,198.387
2017-01-23,196.4,199.3,196.4,197.8,6906700,9011,197.9944
2017-01-24,198.9,198.9,196.9,197.8,8569300,13269,197.64095
2017-01-25,201.0,201.0,199.2,200.8,13348800,14163,200.4951
2017-01-26,202.4,205.4,201.8,205.0,19685300,21394,204.09765
2017-01-27,205.6,205.6,204.2,204.4,7523300,7118,204.9199
2017-02-01,202.0,206.8,200.8,206.6,18764400,17782,203.97645
2017-02-02,207.0,208.4,204.4,205.2,12558800,14705,205.9697
2017-02-03,205.4,206.4,202.4,205.0,11666500,14463,204.04695
2017-02-06,206.4,207.4,204.4,207.4,8690100,12932,206.02625
2017-02-07,206.0,207.4,204.4,205.4,11152600,12572,205.6858
2017-02-08,204.4,205.2,202.4,204.0,14933400,18141,204.28285
2017-02-09,205.6,207.0,204.2,204.2,11440000,13826,205.3861
2017-02-10,205.4,206.0,202.4,202.6,12882700,14622,204.2416
2017-02-13,203.0,205.0,203.0,203.6,10809700,12265,203.6129
2017-02-14,203.2,203.8,202.8,202.8,10627100,11970,203.2075
2017-02-15,202.2,207.8,202.2,206.6,20799100,18847,206.3259
2017-02-16,210.0,213.0,208.0,212.0,29781000,26593,211.02085
2017-02-17,213.6,215.0,211.8,212.2,17974800,18883,213.0031
2017-02-20,213.2,215.2,212.6,214.0,13693400,13642,214.3059
2017-02-21,213.6,214.8,210.0,211.0,14524600,14474,211.8709
2017-02-22,212.0,215.0,212.0,215.0,14053100,13382,214.16065
2017-02-23,215.6,216.4,214.0,214.8,15123200,14743,215.07355
2017-02-24,213.4,214.2,211.2,211.2,16788200,14259,212.0514
2017-02-27,211.0,213.6,209.6,210.2,13837100,13682,210.96465
2017-02-28,210.8,211.6,207.0,207.0,15900000,16098,208.27
2017-03-01,207.0,207.4,205.0,206.8,18149300,15021,206.3827
2017-03-02,210.6,211.0,206.4,206.4,15583500,14033,208.36715
2017-03-03,206.0,208.8,204.2,207.2,16132600,14039,207.2555
2017-03-06,206.6,210.4,206.6,209.2,10936900,12617,209.2331
2017-03-07,208.8,212.6,208.8,211.8,11525900,12765,211.42245
2017-03-08,210.2,212.6,210.2,212.2,10659400,10819,211.79435
2017-03-09,213.0,213.0,209.2,209.8,13832800,13773,210.6719
2017-03-10,209.4,212.8,209.2,212.4,15047100,15556,211.483
2017-03-13,213.0,215.8,212.8,215.4,19607300,17414,214.88685
2017-03-14,216.0,216.0,213.8,214.6,14543600,13544,214.89855
2017-03-15,213.0,215.6,213.0,214.6,9857000,11394,214.5488
2017-03-16,217.6,220.8,216.2,220.8,25092300,20579,218.6456
2017-03-17,222.2,222.8,220.8,222.0,21501800,17309,221.8335
2017-03-20,222.0,228.2,221.8,228.2,22694500,22145,226.46665
2017-03-21,228.0,229.8,223.8,228.8,27303000,24434,227.1368
2017-03-22,224.0,227.0,223.4,225.2,23855500,24775,224.94015
2017-03-23,221.8,223.6,218.2,223.0,39098300,31115,221.35345
2017-03-24,223.2,225.4,222.4,225.2,15821500,16967,224.0398
2017-03-27,225.2,228.4,223.2,224.8,19745100,16187,225.9906
2017-03-28,227.0,227.0,224.8,226.0,13841600,11956,225.8361
2017-03-29,230.0,230.2,226.6,228.0,15792000,16077,228.0747
2017-03-30,229.2,229.2,225.2,225.2,16456900,16818,226.6125
2017-03-31,225.4,226.4,222.6,222.8,15324100,15511,224.1659
2017-04-03,226.0,226.0,222.4,225.2,11880500,12872,224.5267
2017-04-05,228.0,228.8,226.2,228.8,20849200,19740,227.63905
2017-04-06,227.8,228.8,226.4,228.0,9998100,11420,227.71805
2017-04-07,228.0,228.2,224.2,227.2,14233000,17866,226.0486
2017-04-10,228.0,228.4,225.4,226.4,7298500,10995,226.73705
2017-04-11,228.0,228.0,224.2,225.0,9043000,11805,225.6334
2017-04-12,225.4,231.0,225.2,231.0,14888500,13803,228.19945
2017-04-13,229.6,233.8,228.8,230.6,20026600,21083,231.2966
2017-04-18,231.0,231.8,228.0,228.0,14271000,16532,229.47615
2017-04-19,228.0,231.4,228.0,230.2,16130000,17661,229.8512
2017-04-20,232.6,236.6,231.6,236.6,20580600,18646,234.5563
2017-04-21,237.6,239.6,233.8,236.4,16413700,16296,236.73335
2017-04-24,240.0,240.0,236.6,238.0,13717900,13448,238.0184
2017-04-25,238.8,242.8,237.2,242.8,18146200,17529,240.7064
2017-04-26,243.8,244.6,240.4,241.6,19361000,19340,242.90465
2017-04-27,242.2,245.0,239.4,244.6,16625300,14794,243.0588
2017-04-28,244.8,244.8,242.4,243.4,12504400,12328,243.6003
2017-05-02,245.0,248.4,244.8,248.4,18561800,19240,246.9249
2017-05-04,247.6,247.6,242.8,243.8,22971100,21761,244.5467
2017-05-05,243.2,244.0,241.8,243.8,13948000,14182,242.81995
2017-05-08,247.2,247.2,243.4,244.8,17032100,13852,245.09095
2017-05-09,248.0,250.8,245.6,250.8,19411600,17830,248.40435
2017-05-10,252.0,255.4,249.2,250.4,27153000,25349,252.84815
2017-05-11,249.6,255.0,249.4,254.6,19812500,20136,252.93765
2017-05-12,256.2,259.2,255.2,258.2,23114700,20191,258.0073
2017-05-15,259.6,260.6,257.8,259.0,20143700,21187,259.3349
2017-05-16,261.6,261.6,256.2,258.8,21006800,26896,259.0312
2017-05-17,260.8,261.2,258.2,259.8,16941300,19225,259.7742
2017-05-18,257.0,271.4,257.0,264.0,52873300,49074,265.89335
2017-05-19,266.0,271.2,265.2,268.4,28171500,31607,268.7111
2017-05-22,271.6,276.8,270.4,275.4,25974100,30888,274.657
2017-05-23,279.0,280.6,271.8,275.2,34313800,39428,276.91375
2017-05-24,275.6,275.8,269.0,273.6,22316400,29526,271.86005
2017-05-25,273.4,277.2,273.4,277.2,17308400,19013,275.86015
2017-05-26,275.6,279.0,275.4,278.0,15989900,17649,276.87785
2017-05-29,278.0,278.2,274.0,274.8,15708600,16535,275.0438
2017-05-31,274.8,277.0,267.4,267.6,35565700,36777,269.9684
2017-06-01,267.0,272.8,262.8,271.2,28255700,31314,268.41815
2017-06-02,275.6,275.6,269.4,270.0,17188000,20459,272.3788
2017-06-05,271.8,273.6,269.0,271.6,11531100,20337,270.72035
2017-06-06,272.2,273.8,271.6,273.6,12079100,16007,272.8732
2017-06-07,274.6,275.6,270.8,272.8,12648000,20100,272.66455
2017-06-08,272.8,274.4,271.4,273.4,13935700,15306,272.8631
2017-06-09,277.8,283.4,276.2,277.4,68326200,43061,279.38365
2017-06-12,271.2,274.8,269.4,270.6,31897400,33861,271.5476
2017-06-13,273.6,273.6,271.0,272.4,22202200,24717,272.0829
2017-06-14,274.0,277.4,273.0,277.4,21793600,20948,275.2911
2017-06-15,277.0,277.0,273.0,273.0,17497500,19065,274.45005
2017-06-16,272.8,276.4,272.6,272.6,20538600,17554,273.77765
2017-06-19,274.8,279.0,274.2,278.8,15809800,19046,277.38475
2017-06-20,282.8,283.8,279.2,280.0,15880200,21893,281.7561
2017-06-21,280.2,281.6,277.0,279.2,15606800,16562,279.3539
2017-06-22,282.6,283.8,280.4,281.6,15079600,16847,281.97765
2017-06-23,282.6,282.8,280.2,280.2,12561100,15754,281.28375
2017-06-26,281.0,285.0,280.8,284.0,15853800,14846,283.02005
2017-06-27,284.6,288.4,282.8,288.0,19814400,20789,287.01795
2017-06-28,284.0,287.0,282.0,282.8,24944700,23671,283.4965
2017-06-29,287.0,287.2,282.6,284.0,14834900,16834,284.66925
2017-06-30,279.0,280.6,277.4,279.2,19628300,24928,279.4673
2017-07-03,278.4,280.8,277.8,280.8,12215300,16621,279.13
2017-07-04,278.8,279.2,266.4,269.2,38516800,43057,272.1509
2017-07-05,266.6,273.4,260.4,271.0,43842400,49703,268.00655
2017-07-06,274.6,275.0,271.2,271.8,16371500,22963,272.44635
2017-07-07,267.8,270.6,267.0,269.0,17582500,20589,269.53145
2017-07-10,270.0,272.0,269.4,271.6,12813600,15251,271.07745
2017-07-11,273.8,279.0,273.8,278.4,18626800,20141,276.6241
2017-07-12,279.6,283.2,279.0,281.2,15150400,19573,281.57955
2017-07-13,285.6,286.4,282.6,284.4,18608900,21325,284.70555
2017-07-14,285.0,285.4,282.4,284.8,11570600,11436,284.19395
2017-07-17,288.0,288.8,284.2,285.0,13492300,15048,286.0852
2017-07-18,286.6,287.4,285.2,286.8,11236100,14618,286.2481
2017-07-19,289.8,298.8,288.8,298.0,27754700,29292,294.3532
2017-07-20,299.8,300.0,296.0,297.0,15708600,18394,298.71455
2017-07-21,298.0,300.6,295.0,297.0,11528600,14207,297.89295
2017-07-24,298.0,302.8,297.2,302.2,15482400,16308,300.75025
2017-07-25,302.4,304.8,301.6,301.6,17913200,18621,303.1501
2017-07-26,303.0,303.6,298.0,301.0,15020500,17937,300.73795
2017-07-27,303.0,308.6,301.6,308.4,16937100,17601,306.0158
2017-07-28,304.6,307.4,303.0,304.8,21208200,19475,305.22095
2017-07-31,305.4,314.4,305.4,313.4,21242100,20643,311.41785
2017-08-01,309.0,317.4,309.0,314.4,20079500,24516,315.0337
2017-08-02,315.0,317.8,311.8,312.6,18189700,22574,314.81775
2017-08-03,310.8,312.6,308.0,308.6,22957700,26959,309.84715
2017-08-04,311.2,315.4,309.8,311.4,16463200,19115,312.31005
2017-08-07,315.4,321.4,315.0,320.6,21017200,22369,319.28985
2017-08-08,320.4,328.6,320.0,328.6,22585600,25364,326.8341
2017-08-09,326.0,333.0,326.0,330.2,25346600,30034,329.25115
2017-08-10,328.0,330.4,322.8,326.6,27357200,29099,326.66015
2017-08-11,314.0,319.2,310.2,310.6,57032200,70143,314.0407
2017-08-14,314.0,324.8,314.0,324.0,29854700,40753,319.4345
2017-08-15,328.0,330.4,318.8,318.8,23620000,31253,324.8904
2017-08-16,319.4,324.6,319.4,323.2,21910100,26724,322.2379
2017-08-17,340.4,341.0,329.4,329.4,43379400,52926,334.2817
2017-08-18,324.6,329.4,323.6,325.8,22832800,30031,326.9211
2017-08-21,330.0,330.4,326.0,326.0,15342600,20308,328.13800000000003
2017-08-22,328.0,329.2,324.0,324.0,13811500,18272,326.8893
2017-08-24,333.0,333.0,325.2,327.4,22221700,29864,327.8938
2017-08-25,329.0,329.0,322.6,328.4,18770700,24418,326.09035
2017-08-28,327.0,329.0,321.4,323.0,21689900,32161,324.25165
2017-08-29,320.2,322.0,314.6,319.8,21802600,33482,318.93385
2017-08-30,325.6,327.6,323.0,326.6,17066400,23826,325.43005
2017-08-31,326.6,330.4,326.6,329.0,16868500,23004,328.76855
2017-09-01,331.8,332.2,326.2,326.2,22420800,21279,328.4621
2017-09-04,325.0,326.0,321.4,322.0,14487600,19651,323.7317
2017-09-05,323.2,326.0,321.2,321.8,13165500,17651,323.22095
2017-09-06,320.8,325.6,319.2,324.2,16548700,22426,321.9127
2017-09-07,326.6,326.8,320.4,320.6,15047500,19351,322.9146
2017-09-08,323.2,324.0,321.4,321.8,10201000,17161,322.4097
2017-09-11,322.8,330.8,322.2,330.8,23367800,26975,327.77325
2017-09-12,335.0,335.2,330.4,333.0,15124600,18749,332.70995
2017-09-13,335.0,335.0,330.6,334.0,14583100,19305,332.9594
2017-09-14,335.0,339.4,333.8,337.0,18480800,23685,337.2549
2017-09-15,337.0,340.6,334.2,338.8,24116100,24031,338.34715
2017-09-18,341.0,346.0,341.0,346.0,18058800,27239,344.54895
2017-09-19,348.4,349.6,343.4,344.2,21576900,24559,346.8781
2017-09-20,343.0,347.4,343.0,346.4,12847400,16871,345.46365
2017-09-21,345.0,348.4,344.4,347.2,14580000,17173,347.03325
2017-09-22,344.0,347.2,343.2,346.2,14133700,17804,345.69165
2017-09-25,345.2,345.8,340.4,341.6,21490900,25429,342.75505
2017-09-26,330.0,339.2,328.6,337.6,33939300,34243,335.20655
2017-09-27,337.6,341.6,337.0,338.4,12728200,15682,339.3682
2017-09-28,338.4,340.6,333.0,333.0,15483600,19075,336.79835
2017-09-29,334.6,337.4,333.2,336.2,12142000,16470,335.69125
2017-10-03,345.6,346.8,341.6,346.8,17581800,26508,344.4894
2017-10-04,348.4,351.0,348.0,349.4,11264100,15102,349.18615
2017-10-06,353.4,353.6,350.2,352.0,12651000,17536,352.0274
2017-10-09,352.0,353.0,348.6,349.0,12909500,17585,350.50995
2017-10-10,350.8,352.6,349.8,351.2,10339600,13439,351.17345
2017-10-11,351.2,352.6,349.4,351.6,16633400,18012,351.2902
2017-10-12,352.0,353.8,350.2,350.2,13986100,15805,351.7302
2017-10-13,347.2,350.2,346.4,349.2,18247600,20518,347.98875
2017-10-16,352.0,355.6,350.4,355.6,17163800,19784,353.4406
2017-10-17,356.4,356.4,353.0,354.8,12212600,18596,354.8371
2017-10-18,349.6,354.8,349.6,354.6,11379300,11456,352.94185
2017-10-19,356.2,356.4,345.6,346.2,17401000,21417,350.37275
2017-10-20,348.0,350.6,348.0,349.6,13897100,17211,349.5344
2017-10-23,351.6,351.6,347.4,348.6,9549600,14514,349.22675
2017-10-24,347.2,349.6,345.4,347.4,14969800,15646,347.3194
2017-10-25,348.2,352.6,348.0,352.0,12626000,15109,350.9942
2017-10-26,348.8,350.6,346.4,347.0,15359400,18251,348.3433
2017-10-27,348.0,348.6,346.4,347.8,15604800,18178,347.4329
2017-10-30,353.0,353.0,349.0,349.6,16046400,18921,350.4893
2017-10-31,352.0,352.4,349.4,349.8,11880700,14836,351.00300000000004
2017-11-01,352.0,360.4,351.6,360.0,21468000,26343,356.1211
2017-11-02,360.8,364.6,357.6,361.8,17093800,23618,362.1271
2017-11-03,364.6,368.4,363.6,368.0,15797700,21159,366.82285
2017-11-06,369.6,379.6,364.6,377.0,24317400,31845,371.95255
2017-11-07,380.4,391.0,380.2,391.0,24613900,39079,387.6777
2017-11-08,387.2,398.6,382.4,385.6,43273300,50531,389.4987
2017-11-09,385.2,392.4,385.2,387.8,22620800,35487,389.1055
2017-11-10,383.4,390.8,383.4,385.4,16955200,23510,387.46525
2017-11-13,385.0,392.0,385.0,387.6,17022800,25406,389.1379
2017-11-14,394.0,394.0,387.4,388.0,19931800,29696,389.63605
2017-11-15,383.8,388.0,383.0,383.0,22867300,32648,385.15865
2017-11-16,388.2,393.8,384.0,391.8,31400600,46630,390.53375
2017-11-17,397.0,405.0,397.0,403.4,33473800,45414,401.15185
2017-11-20,405.4,420.0,405.4,420.0,33382200,40701,411.4573
2017-11-21,425.0,439.6,420.8,430.0,47585300,69863,431.4585
2017-11-22,437.0,438.0,424.4,426.8,36999900,53730,430.09255
2017-11-23,425.0,432.0,418.2,419.6,30677800,44304,424.2709
2017-11-24,418.8,424.0,414.6,415.8,32480400,41931,417.80235
2017-11-27,416.0,417.0,410.0,411.4,24364000,36448,413.3918
2017-11-28,408.0,419.4,402.2,419.2,37779900,50871,409.79625
2017-11-29,422.2,422.8,410.8,411.6,26101200,40938,415.59715
2017-11-30,398.8,405.4,398.0,398.0,53940100,83688,400.90365
2017-12-01,398.0,402.0,385.0,385.0,73441400,90270,389.7753
2017-12-04,384.0,397.8,377.2,388.4,44723300,67631,388.8805
2017-12-05,380.0,386.0,376.0,376.0,42789700,64356,380.99795
2017-12-06,375.0,381.4,365.2,366.0,57099500,89165,371.5632
2017-12-07,373.8,379.4,367.2,378.0,37750200,57082,374.40785
2017-12-08,381.0,394.8,380.2,394.0,40484400,55655,388.90725
2017-12-11,389.4,406.4,389.2,405.4,31172900,49698,398.8158
2017-12-12,407.0,410.8,391.4,393.2,31725500,48863,400.5507
2017-12-13,395.0,399.4,387.4,395.6,22253700,38772,393.7205
2017-12-14,401.0,402.6,392.6,397.2,15965100,25638,397.0338
2017-12-15,392.4,394.6,389.0,389.0,22536200,32310,390.5411
2017-12-18,394.4,398.6,389.0,394.2,19084600,32128,394.51665
2017-12-19,404.0,404.0,398.8,401.2,20653700,31775,401.6595
2017-12-20,398.6,400.4,396.8,397.4,12603300,19718,398.23465
2017-12-21,397.0,402.4,395.2,399.8,17734200,26252,400.1131
2017-12-22,403.8,405.8,400.8,405.8,15928200,24713,403.58099999999996
2017-12-27,407.8,407.8,401.0,401.2,16186100,24522,402.49835
2017-12-28,404.0,408.2,402.2,408.2,11543600,23945,406.17135
2017-12-29,408.0,408.0,403.4,406.0,15710500,25981,406.1563
2018-01-02,408.0,418.0,407.6,417.8,23121200,36866,415.7791
2018-01-03,424.0,426.8,419.0,422.2,21013700,38343,423.0519
2018-01-04,426.8,432.4,424.2,431.8,25832100,38798,429.03195
2018-01-05,436.4,436.4,428.2,433.2,18080400,33014,431.4931
2018-01-08,436.2,439.2,433.8,438.6,16035700,24577,436.7237
2018-01-09,440.8,446.4,439.0,443.8,22790600,34282,443.34265
2018-01-10,445.6,446.20099999999996,440.0,440.4,16907900,28656,442.37575
