UserID,CompanyID,CompanyName,ContactName,FirstName,LastName,EmailAddress,City,Region,Country,Phone
U001,C001,ABC Garments,Albert,Albert,William,Albert.William@gmail.com,HKG,Hong Kong Island,HKG,852-64865510
U002,C002,ABC Garments,Bobby,Bobby,Henry,Bobby.Henry@gmail.com,HKG,Kowloon,HKG,852-31407633
U003,C003,ABC Garments,Carmen,Carmen,Charles,Carmen.Charles@gmail.com,HKG,New Territories,HKG,852-79970277
U004,C004,DEF Garments,David,David,William,David.William@gmail.com,HKG,Hong Kong Island,HKG,852-27090108
U005,C005,DEF Garments,Ernie,Ernie,Henry,Ernie.Henry@gmail.com,HKG,Kowloon,HKG,852-54004425
U006,C006,DEF Garments,Frost,Frost,Charles,Frost.Charles@gmail.com,HKG,New Territories,HKG,852-40271071
U007,C007,GHK Garments,Gurminder,Gurminder,William,Gurminder.William@gmail.com,HKG,Hong Kong Island,HKG,852-48756529
U008,C008,GHK Garments,Henry,Henry,Henry,Henry.Henry@gmail.com,HKG,Kowloon,HKG,852-92988463
U009,C009,GHK Garments,Kaleem,Kaleem,Charles,Kaleem.Charles@gmail.com,HKG,New Territories,HKG,852-75273320
U010,C010,IJM Garments,Isabelle,Isabelle,William,Isabelle.William@gmail.com,HKG,Hong Kong Island,HKG,852-96715413
U011,C011,IJM Garments,Jane,Jane,Henry,Jane.Henry@gmail.com,HKG,Kowloon,HKG,852-64554632
U012,C012,IJM Garments,Mary,Mary,Charles,Mary.Charles@gmail.com,HKG,New Territories,HKG,852-85611692
U013,C013,RST Garments,Rose,Rose,William,Rose.William@gmail.com,HKG,Hong Kong Island,HKG,852-96340094
U014,C014,RST Garments,Solomon,Solomon,Henry,Solomon.Henry@gmail.com,HKG,Kowloon,HKG,852-90403682
U015,C015,RST Garments,Terry,Terry,Charles,Terry.Charles@gmail.com,HKG,New Territories,HKG,852-69393138