,brand,factoryName,address,country,supplierType
0,Primark,AKH Eco Apparels Ltd,495 Balitha Shah-Belishwer Dhamrai Dhaka 1800,Bangladesh,Not Mentioned
1,Primark,Ananta Denim Technology Ltd,Noyabari Kanchpur Sonargaon Narayanganj,Bangladesh,Not Mentioned
2,Primark,Ananta Huaxiang Ltd,"222, 223, H2-H4, Adamjee Epz Shiddirgonj Narayanganj Dhaka",Bangladesh,Not Mentioned
3,Primark,Bosideng Co Ltd Changshu Garment Factory,Bosideng Industrial Zone(Baimao Industrial Zone) Baimao Industrial Zone Changshu City Jiangsu Province,China,Not Mentioned
4,Primark,Coast to Coast Pvt Ltd,Bashon Mouza: 35 Chandana Itahata Gazipur Sadar Gazipur 1702,Bangladesh,Not Mentioned
5,Primark,Crescent Fashion & Design Limited,Beximco Industrial Park Sarabo Kashimpur Gazipur Dhaka,Bangladesh,Not Mentioned
6,Primark,Dongguan Suscong Healthcare Co Ltd,Group 1 Xisha Village Gaobu Town Dongguan City Guangdong Province,China,Not Mentioned
7,Primark,Four H Apparels Ltd,295 Jalalabad Baluchara Hathazari Road Chittagong 4214,Bangladesh,Not Mentioned
8,Primark,Four H Lingerie Limited,Brtc Bus Depot Baluchara Hathajari Road Chittagong 4335,Bangladesh,Not Mentioned
9,Primark,Habitus Fashion Ltd,Gazariapara Bhowal Mirzapur Gazipur,Bangladesh,Not Mentioned
10,Primark,Haining IRIM Leather Co Ltd,Building 1 #623 Luolong Road Haichang Street Haining City Zhejiang Province,China,Not Mentioned
11,Primark,Interloop Limited HDI,1-Km Khurrianwala Jaranwala Road Faisalabad,Pakistan,Not Mentioned
12,Primark,Irma Cosmetics Co Ltd,No 55 Tianhu South Road Qujiang District Quzhou City Zhejiang,China,Not Mentioned
13,Primark,Jiangsu Suntex Garments Limited,No 85 Shidai Road Luhe Economic Development Zone Nanjing Jiangsu Province,China,Not Mentioned
14,Primark,Jiaxing Qiselang Garment Co Ltd,Yandong Village Wuyuan Town Haiyan County Zhejiang Province,China,Not Mentioned
15,Primark,Nishat Mills Limited Apparels Division,7-Km Nishat Avenue Off 22-Km Feroze Pur Road Lahore Punjab,Pakistan,Not Mentioned
16,Primark,NJ Screen Prints,8 Nuffield Road Harrowbrook Industrial Estate Hinckley Leicestershire Le10 3Dj,United kingdom,Not Mentioned
17,Primark,Pankaj Mercantile Company,101 Everest House 6 Suren Road Andheri (East) Mumbai Maharashtra 400 093,India,Not Mentioned
18,Primark,Rockline Industries Ltd Redditch,Heming Road Redditch Worcester B98 0Dh,United kingdom,Not Mentioned
19,Primark,Rongcheng Zheng Qinghe,No. 329 Jiangshang Road Shidao District Rong Cheng Shandong Province,China,Not Mentioned
20,Primark,Rudong Knitit Fashion Accessory Co Ltd,No 18 Huanghe Road Rudong County Nantong City Jiangsu Province,China,Not Mentioned
21,Primark,Sargam Exports Ltd Plot 152 153,"152-153, Phase-I Udyog Vihar Gurgaon Haryana",India,Not Mentioned
22,Primark,Sargam Exports Ltd Plot 210,Plot No. 210 Phase I Udyog Vihar Gurgaon Haryana 122016,India,Not Mentioned
23,Primark,Shengzhou Yuelong Tie And Apparel Co Ltd,"No.55, Yuexiang Road Sanjiang Sub-District Shengzhou Zhejiang",China,Not Mentioned
24,Primark,Splendid Chance International Ltd,New Road Sangkat Toul Sangker Khan Russey Keo Phnom Penh,Cambodia,Not Mentioned
25,Primark,Sungkwang Apparels Ltd,Plot No 1384-86 1420-21 Vogra Bason Sarak Chandona Gazipur,Bangladesh,Not Mentioned
26,Primark,Tanzania Tooku Garments Co Ltd,Plot No.22&23 Benjamin William Mkapa Export Processing Zone Mandela Road Ubungo External Dar Es Salaam,Tanzania,Not Mentioned
27,Primark,Texport Syndicate I Ltd B3F,#85 (Basement) Industrial Suburb 2Nd Phase Yeshwanthpur Bangalore Karnataka 560022,India,Not Mentioned
28,Primark,Texport Syndicate India Ltd Unit 4,Unit 4 No. 40/2 Dasanapura Opp. Surat Goods Carrier Madanayakanahalli Tumkur Road Bangalore 562123,India,Not Mentioned
29,Primark,Tian Run Garment Limited,Han Xi Shui Village Cha Shan Town Dongguan City Guangdong Province,China,Not Mentioned
30,Primark,Ugur Konfeksiyon San Ve Tic As Sapanca,Cayici Mh Aslan Korpi Sk No 18 Sapanca Sakarya 54600,Turkey,Not Mentioned
31,Primark,Unimas Sportswear,Bagbari Kashimpur Gazipur Sadar,Bangladesh,Not Mentioned
32,Primark,US Apparel Pvt Ltd Unit 5,3.5Km Defence Raiwind Road Lahore Punab,Pakistan,Not Mentioned
33,Primark,Ventura Bangladesh Ltd,"Plot No, 65,66,67,68,69, Karnaphuli Export Processing Zone ( Kepz) North Patenga Chittagong 4204",Bangladesh,Not Mentioned
34,Primark,Vinty Impex,A 57-58 Okhla Industrial Area Phase 1 New Delhi 110020,India,Not Mentioned
35,Primark,Yantai Langlang Fashion Co Ltd,No. 27 Haixing Road Yantai Haiyang Shandong,China,Not Mentioned
36,Primark,Yixin Xiamen Leather Goods Co Ltd,"Fengnan Farm, Dapu Village Xinmin Town Tongan District Xia Men City Fujian Province 361003",China,Not Mentioned
37,Primark,Zhangjiagang Jinxing Garment Co Ltd,1 Zhangji Village Yangshe Town Zhangjiagang Jiangsu,China,Not Mentioned
38,Primark,Zhangjiagang Modat Co Ltd,No 32 Zhongxing Road Zhangjiagang Economic Development Zone Zhangjiaguang City Jiangsu Province,China,Not Mentioned
39,Primark,Zhejiang BangJie Digital Knitting Share Co Ltd,South Section Suxi Town Yiwu City Zhejiang Province 322009,China,Not Mentioned
40,Adidas,Zhejiang BangJie Digital Knitting Share Co Ltd,South Section Suxi Town Yiwu City Zhejiang Province 322009,China,Not Mentioned
41,Primark,Zhejiang Goldtop Hat & Fashion Co Ltd,"No 5, 2Nd Danchen Road Beiyuan Industrial Zone Yiwu City Zhejiang Province",China,Not Mentioned
42,Adidas,"A First Vina Co., Ltd.","Street 2, Tam Phuoc Industrial Zone Bien Hoa 810000 Dong Nai",Vietnam,Apparel
43,Adidas,Bac Giang Garment Corporation,"349 Giap Hai, Dinh Ke Ward Bac Giang 23000 Bac Giang",Vietnam,Apparel
44,Adidas,Ceylon Knit Trend (Pvt) Limited,Divurumpitiya Getahetta Eheliyagoda 70620 Sabaragamuwa,Sri Lanka,Apparel
45,Adidas,ChangZhou QingQing Knitting Factory,"1/F, Block D, No. 1315, JinSha Avenue, JinTan District, ChangZhou 213234 Jiangsu",China,Apparel
46,Adidas,DOMEX (QUANG NAM) COMPANY LIMITED,"Lot B/B1, Ha Lam Industrial Group, Binh Phuc Commune, Duoc Market Thang Binh District 51000 Quang Nam",Vietnam,Apparel
47,Adidas,"Eishin Co., Ltd Fukushima Factory",43-1 Izumisaki Bouzukubo Izumisaki Mura Nishishirakawagun Fukushima 969-0101,Japan,Accessories
48,Adidas,"Fashion Garments 2 Co., Ltd","Road 3, Bien Hoa Industry zone 1, Bien Hoa city, Dong Nai Province Bien Hoa 71000 Dong Nai",Vietnam,Apparel
49,Adidas,"Fashion Garments 2 Co., Ltd - Tan Phu Branch","Road 3, Tan Phu Industrial Zone, Tan Phu District Bien Hoa 71000 Dong Nai",Vietnam,Apparel
50,Adidas,"Fashion Garments 2 Co., Ltd (Unit 2)","Road # 13A, Bien Hoa Industrial Zone II Bien Hoa 71000 Dong Nai",Vietnam,Apparel
51,Adidas,Fook Wah Kun Kee Garment (Shenzhen) Ltd.,Shenzhen,China,Not Mentioned
52,Adidas,Frog Prince Daily Chemical Company Limited,Zhangzhou,China,Not Mentioned
53,Adidas,Gelal Corap Sanayi ve Ticaret A.S. - IST,Akcaburgaz Mah. 117. Sok. No:2 Esenyurt Istanbul 34500 Istanbul,Turkey,Accessories
54,Adidas,Haining United Socks Co. Ltd,No. 360 Haifeng Road Haichang Street Haining 314400 Zhejiang,China,Accessories
55,Adidas,Impression Apparel Group S.A. de C.V.,"Blvd. Del Ejercito Km 8 1/2 Y Calle Cooperativa Algodonera, Edificio 1, Soyapango San Salvador",El Salvador,Apparel
56,Adidas,Industrias Merlet S.A. DE C.V.,Calle Circunvalacion Polg. A #3 Urb. Industrial Plan de La Laguna Antiguo Cuscatlan n/a La Libertad,El Salvador,Apparel
57,Adidas,Interloop Limited (Hosiery Division I),1-Km Khurrianwala-Jaranwala Road Khurrianwala-faisalabad Faisalabad 37630 Punjab,Pakistan,Accessories
58,Adidas,Jintan Qingqing Knitted Factory,Changzhou,China,Not Mentioned
59,Adidas,Karnaphuli Shoes Industries Limited (Garment Unit),"Korean Export Processing Zone Anowara, Chittagong 4371 Chittagong",Bangladesh,Apparel
60,Adidas,Kenpark Bangladesh Apparel (Pvt) Ltd [K-5],"Plot #14/23, Sector #2 Karnaphuli Export Processing Zone Chittagong 4204 Chittagong",Bangladesh,Apparel
61,Adidas,"LEXCO CO., LTD.","street number 10 factory 22&23, Long Thanh IZ Long Thanh 71000 Dong Nai",Vietnam,Accessories
62,Adidas,MASOOD TEXTILE MILLS LIMITED,Sahianwala Road Khurrianwala Faisalabad 38000 Punjab,Pakistan,Apparel
63,Adidas,PT Dada Indonesia,"Jl. Raya Sadang Ciwangi, Kec. Bungursari Purwakarta 41118 Jawa Barat",Indonesia,Apparel
64,Adidas,"Regina Miracle International Vietnam Co., ltd","No 9 East Ð West Road, VSIP Hai Phong Thuy Nguyen District, Dinh Vu Economic Zone, Cat Hai Hai Phong 84",Vietnam,Apparel
65,Adidas,Regina Miracle Intimate Apparel (Shenzhen) Ltd.,"No.5 Cengyao Industrial Estate Yulu, Gongming Baoan Gongming Yulu Bao'an District Shenzhen 518132 Guangdong",China,Apparel
66,Adidas,Renfro India Private Ltd.,"Gat No. 1231 (Part) Sanaswadi, Taluka Shirur District Pune Pune 412208 Maharashtra",India,Accessories
67,Adidas,Supertex S.A.,Carrera 35 No-10-707 Acopy Yumbo n/a Valle del Cauca,Colombia,Apparel
68,Adidas,"Thong Thai Textile (Myanmar) Co.,Ltd","175 Pan Be Kaung Mg Khet Street , Hliang Thar Yar Zone (1) Hliang Thar Yar Township 11401 Yangon",Myanmar,Apparel
69,Adidas,"Thong Thai Textile Co., Ltd.","No. 21, Soi Phetkasem 81 Ma-Charoen Rd Nongkhaem Bangkok 10160 Bangkok",Thailand,Apparel
70,Adidas,Thuan Phuong Embroideries Garments Company Limited Binh Chanh Factory,"D15/8 Dinh Duc Thien, Hamlet 4, Binh Chanh Commune, Binh Chanh District Thanh pho Ho Chi Minh",Vietnam,Apparel
71,Adidas,V. Fraas GmbH,"Orter Strasse 6, Helmbrechts,95233 Freistaat Bayern Helmbrechts 95233 Freistaat Bayern",Germany,Accessories
72,Adidas,"VAS Garment (Thailand) Co., Ltd.","30 Moo 13, Kaeng Loeng Jan Muang Mahasarakham 44000 Maha Sarakham",Thailand,Apparel
73,Adidas,World Knits Ltd. (Quartier Militaire),New Road Vuillemin Quartier Militaire Militaire 81106,Mauritius,Apparel
74,Adidas,Yancheng Ever-Development Garment & Gifts Co. Ltd.,Yancheng,China,Not Mentioned
75,Adidas,"Young Sporting Goods (Suzhou) Co., Ltd.",No.498 ChangAn Road Wujiang Economic & Technological Development Zone Suzhou 215200 Jiangsu,China,Accessories
76,Adidas,"Yupoong Vietnam Co., Ltd.","Lot A-2,3,4, LOTECO EPZ, Bien Hoa, Dong Nai Province Bien Hoa 71000 Dong Nai",Vietnam,"Accessories, Apparel"
77,Levis,Cosmopolitan Industries PVT Ltd,"Khejur Bagan, Bara Ashulia,
Savar, Dhaka",Bangladesh,Apparel
78,Levis,Kenpark Bangladesh (Pvt) Ltd (Unit 1),"Sector 8, Plot 31-42, Ctg Export
Processing Zone, Chittagong",Bangladesh,Apparel
79,Levis,Blue Ocean Confeccoes Ltda,"Rua Desembargador Clotario Portugal No. 58, Apucarana Parana",Brazil,Accessories
80,Levis,Pituka Ind Com Benefeciamento De Fios Ltda,"AV. Joao Paulo Ablas,592 - Jardim Da Gloria, Cotia - SP Sudeste - Sao Paulo",Brazil,Apparel
81,Levis,Canton Unicorn Leather Goods Factory,"No. 67, Zhenxing Road, Shiling Town, Huadu District, Guangzhou City, Guangdong, Guangzhou Guangdong",China,Accessories
82,Levis,Changzhou Tooku Garments Co Ltd (Finishing sub factory),"No.2 Jinghu Road,Xinbei District, Changzhou, Jiangsu, Changzhou",China,Apparel
83,Levis,"Dezhou Excellent Garment MFG Co.,Ltd","Block 2, 16 Grand Road, Tianqu Industrial Park, Decheng District, Dezhou City, Shandong, Dezhou City Shandong",China,Apparel
84,Levis,"FUJIAN DONGFANG LIELANG CLOTHING WEAVING CO.,LTD","HUANGSHI INDUSTRIAL ZONE, HUANGSHI TOWN, LICHENG DISTRICT,, Putian Fujian",China,Footwear
85,Levis,"Fujian Huaang Sport Goods Co.,Ltd","No.221,East Huancun Road,
Jiangtou Village,Chendai Town,Jinjiang City,Fujian Province, Jinjiang Fujian",China,Footwear
86,Levis,"Hangzhou Fanduote Garments,Co Ltd.","NO.53 CHUNCHAO ROAD, SOUTH BLOCK, XIAOSHAN ECONOMIC DEVELOPMENT ZONE, Hangzhou Zhejiang",China,Apparel
87,Levis,"Nantong Foremost Headwears Co., Ltd","No.18, Fumei Road, Qinzao Town, Gangzha, Nantong Jiangsu",China,Accessories
88,Levis,"Shanghai QinFa Fashion Co.,Ltd","No.102-2 Jinyu Road, Songjiang, Shanghai",China,Not Mentioned
89,Levis,"Shaoxing Maidilang Tie & Accessory Co., Ltd","No.777, Yijing Road, Shengzhou Economy Development Zone, Shengzhou, Zhejiang, China, Shengzhou Zhejiang",China,Accessories
90,Levis,"Super Performance Textile (Shenzhen) Co., Ltd","Mid-Dan Zi Road, Ping Shan district, Shenzhen, Guangdong, Shenzhen Guangdong",China,Apparel
91,Levis,"Suzhou Blue Seagull Fashion Co., Ltd","Economy Exploiture Section, Liantang Town, Changshu, Jiangsu, Changshu Jiangsu",China,Accessories
92,Levis,"Zhejiang Babei Necktie Weaving Co.,Ltd","NO.788 YIJING Road,Shengzhou City,Zhejiang, Shengzhou Zhejiang",China,Accessories
93,Levis,Maytex,"15 May City Industrial Zone #1 Industrial Zone Part 1, Helwan, Cairo, Cairo",Egypt,Apparel
94,Levis,BPS Industries - Unit B,"Units 15 to 18, SDF 2, Phase 2, MEPZ-SEZ,Tambaram, Chennai",India,Accessories
95,Levis,BPS Industries Unit 28 & 29,"SDF - III, Phase - II, MEPZ - SEZ, Tambaram,, Chennai",India,Accessories
96,Levis,Everblue Apparels Ltd,"# D1 & D2, KIADB Industrial Area, Bangalore",India,Apparel
97,Levis,Sunrise Fashions,"No. 27/2, Gottigere Village, Bannerghatta Road, Bangalore",India,Apparel
98,Levis,Minoronzoni srl,"VIA ENRICO FERMI -24036 PONTE SAN PIETRO BERGAMO ITALY, Ponte S Pietro",Italy,Accessories
99,Levis,Aquarelle Madagascar S.A,"Zone Forello Tanjombato,Antananarivo 101, Antananarivo",Madagascar,Apparel
100,Levis,Altima Textil Laguna SRL de CV,"Av. Allende 1995 Ote., Torreon",Mexico,Apparel
101,Levis,Malhas Sonix S.A.,"Rue Filipa Borges 1163, Apartado 216, Barcelos",Portugal,Apparel
102,Levis,sc Bellarma srl,"Str. EUROPA UNITA nr. 13 CAP: 550018 SIBIU ROMANIA, Sibiu",Romania,Accessories
103,Levis,SC BONTIMES SRL,"ROMANIA, Timis, Dumbravita, Str. GRAMMA II nr. 1, Timis",Romania,Footwear
104,Levis,Hela Clothing (Pvt) Ltd. Thihariya,"875, Rosimer Estate, Kandy Road, Thihariya,, Nittambuwa",Sri Lanka,Apparel
105,Levis,Hirdaramani Garments Katunayake (Pvt) Ltd,"Ring Road 2, K.E.P.Z. Katunayake, Katunayake Katunayake",Sri Lanka,Apparel
106,Levis,Hirdaramani Industries Pvt Ltd Kahathuduwa,"No 279 Horana Road, Kahathuduwa, Kahathuduwa",Sri Lanka,Apparel
107,Levis,Hirdaramani Mercury Apparel (Pvt) Ltd - Seethawaka- tops&bottoms,"Lot No : F -2,Seethawaka Industrial Park,Avissawella, Seethawaka",Sri Lanka,Apparel
108,Levis,Hirdaramani Mercury Apparel (Pvt)Ltd Katunayake (new),"Ring Road 1, EPZ,, Katunayake Katunayake",Sri Lanka,Apparel
109,Levis,MRC Associate Garments (Pvt) Limited,"High Level Road, Meepe., Padukka Western Province",Sri Lanka,Apparel
110,Levis,Vogue Tex (Private) Limited. (Kosgoda),"Hegalla, Kosgoda,, Hegalla",Sri Lanka,Apparel
111,Levis,Voguetex (Private) Limited,"Bulnewa, Galnewa, 80570, Galnewa",Sri Lanka,Apparel
112,Levis,"Eclat Textile Co,. Ltd (Viet Nam)","Road 5A, Nhon Trach II Industrial Zone, Nhon Trach District, Dong Nai",Vietnam,Apparel
113,Levis,Hung Long Garment & Service Joint Stock Company,"KM24, NO.5 HIGHWAY, DI SU COMMUNE, HY HAO DISTRICT, HUNG YEN PROVINCE, Hung Yen Hung Yen Province",Vietnam,Apparel
114,Levis,Minh Tri Company Limited,"Vinh Tuy Industrial Zone, Vinh Hung Ward, Hoang Mai District",Vietnam,Apparel
115,Levis,Song Hong Garment JSC - Factory 7.8.9.10,"Truong Chinh St., Xuan Truong District, Nam Dinh Province., Xuan Truong Nam Dinh",Vietnam,Apparel
116,Levis,"Sunjin Vina Co.,Ltd","Hoa Lan Thuan Giao Thuan An, Ho Chi Minh",Vietnam,Apparel
117,Levis,TNG Investment and Trading JSC- Viet Thai Garment Branch,"No.221 Thong Nhat Street, Tan Lap Ward, Thai Nguyen City, Thai Nguyen Province, Thai Nguyen Thai Nguyen",Vietnam,Apparel
118,MnS,EPYLLION STYLE LTD,"BAHADURPUR, BHAWAL MIRZAPUR, GAZIPUR SADA",BANGLADESH,CLOTHING
119,MnS,GOLDTEX GARMENTS LTD,"PLOT- 98-100, DHAKA EXPORT PROCESSING ZONE, BAIPAYL",BANGLADESH,CLOTHING
120,MnS,KENPARK BANGALDESH APPAREL (PVT.) LTD.(K-2),"PLOT# 69-85, KARNAPHULI EPZ, CHITTAGONG, BANGLADESH",BANGLADESH,CLOTHING
121,MnS,LEGACY FASHIONS LTD.,"KALURGHAT CHITTAGONG, 4000",BANGLADESH,CLOTHING
122,MnS,MAS INTIMATES BANGLADESH (PVT) LTD,"40 NO. NORTH PATENGA WARD, CHITTAGONG",BANGLADESH,CLOTHING
123,MnS,PANDORA SWEATERS LTD,GILAR CHALA RD,BANGLADESH,CLOTHING
124,MnS,ROSE SWEATERS LTD. (UNIT - 2),SABED ALI MUNSHI RD,BANGLADESH,CLOTHING
125,MnS,SONIA AND SWEATERS LTD,"604, KONDOLBAGH, TAIBPUR, ASHULIA ROAD",BANGLADESH,CLOTHING
126,MnS,SQUARE FASHIONS LTD,"ROKEYAPUR, JAMIRDIA, HABIRBARI, MYMENSINGH, VALUKA",BANGLADESH,CLOTHING
127,MnS,VIYELLATEX LIMITED,"297,KHAIRTUL, TONGI, GAZIPUR",BANGLADESH,CLOTHING
128,MnS,DONGGUAN QUALITY KNITWEAR LTD,"SHU JIU WEI MIAN QIAN LU, DONGGUAN SHI, GUANGDONG SHENG",CHINA,CLOTHING
129,MnS,FOSHAN SHUN DE STRATEGIC GARME,"CHENCUN INDUSTRIAL PARK, SHUNDE DISTRICT, FOSHAN CITY, GUANGDONG PROVINCE",CHINA,CLOTHING
130,MnS,HANGZHOU U-JUMP ARTS & CRAFTS,"CHONGXIAN VILLLAGE, CHONGXIAN TOWN, HANGZHOU, ZHEJIANG PROVINCE",CHINA,CLOTHING
131,MnS,JIAXING NEW REMEI FASHION CO.,"NO. 518, QUANGONG TING EAST ROAD, DUSHANGANG TOWN, PINGHU CITY, ZHEJIANG PROVINCE",CHINA,CLOTHING
132,MnS,KWONG WAI HUI DONG KNITTING,"TAIYANGAO PINGSHEN ROAD PINGSHAN TOWN, GUANGDONG",CHINA,CLOTHING
133,MnS,"SOUTH PACIFIC FASHIONS CO., LTD","WAN JIANG INDUSTRIAL AREA, WAN JIANG DISTRICT, 107 NATIONAL ROAD, DONGGUAN CITY, GUANGDONG PROVINCE",CHINA,CLOTHING
134,MnS,"WUXI JINMAO GARMENT CO., LTD.","NO.211 XINGTANG ROAD, XISHAN INDUSTRIAL",CHINA,CLOTHING
135,MnS,JAK GROUP,"356, UDYOG VIHAR INDUSTRIAL AREA PHASE VI, SECTOR 37, GURGAON, HARYANA 12200",INDIA,ACCESSORIES
136,MnS,BRANDIX APPAREL INDIA PVT LTD,"DUVVADA, VISAKHAPATNAM, ANDHRA PRADESH 531011",INDIA,CLOTHING
137,MnS,QUANTUM CLOTHING INDIA PVT LTD,"#12, BIAC SEZ, PUDIMADAKA ROAD, ANDHRA PRADESH, ATCHUTHAPURAM",INDIA,CLOTHING
138,MnS,RADNIK EXPORTS (186),"215, UDYOG VIHAR, PHASE-I, UDYOG VIHAR, DUNDAHERA VILLAGE, SECTOR 20, GURGAON, HARYANA 122016",INDIA,CLOTHING
139,MnS,SHAHI EXPORTS PVT LTD UNIT 12,"37/1B, AREKERE VILLAGE, BANNERGHATTA ROAD, AREKERE VILLAGE, BANNERUGHATTA, BENGALURU, KARNATAKA 560076",INDIA,CLOTHING
140,MnS,"VOGUE TEX( PVT) LTD, KOSGODA.","HEGALLE, PIYAGAMA, KOSGODA",SRI LANKA,CLOTHING
141,MnS,THAI PROGRESS GARMENT CO. LTD,"587 SOI 4/2 EXPORT PROCESSING ZONE BANG-PA-IN INDUSTRIAL ESTATE, BANG-PA-IN",THAILAND,CLOTHING
142,MnS,NESAN TRIKO KONFEKSIYON,"IKITELLI OSB MAH. AYKOSAN SANAYI SITESI 2. KISIM 17 A2 BLOK DIS KAPI NO1 IC KAPI NO.1 2 3 4 ,BASAKSEHIR, ISTANBUL",TURKEY,CLOTHING
143,MnS,UNITED SWIMWEAR APPAREL CO LTD,"LOT C1, SUOI DAU INDUSTRIAL ZONE, CAM LAM DISTRICT, KHANH HOA PROVINCE, VIETNAM",VIETNAM,CLOTHING
144,MnS,UPGAIN (VN) MFG CO LTD,"LINH TRUNG 1 E.P.Z, STREET NO. 4, LOT 64-66-68, LINH TRUNG WARD, THU DUC DISTRICT",VIETNAM,CLOTHING
145,MnS,AKH Eco Apparels Ltd,495 Balitha Shah-Belishwer Dhamrai Dhaka 1800,Bangladesh,Not Mentioned
146,Levis,Ananta Denim Technology Ltd,Noyabari Kanchpur Sonargaon Narayanganj,Bangladesh,Not Mentioned
147,MnS,Ananta Huaxiang Ltd,"222, 223, H2-H4, Adamjee Epz Shiddirgonj Narayanganj Dhaka",Bangladesh,Not Mentioned
148,PVH,Bosideng Co Ltd Changshu Garment Factory,Bosideng Industrial Zone(Baimao Industrial Zone) Baimao Industrial Zone Changshu City Jiangsu Province,China,Not Mentioned
149,MnS,Coast to Coast Pvt Ltd,Bashon Mouza: 35 Chandana Itahata Gazipur Sadar Gazipur 1702,Bangladesh,Not Mentioned
150,PVH,Crescent Fashion & Design Limited,Beximco Industrial Park Sarabo Kashimpur Gazipur Dhaka,Bangladesh,Not Mentioned
151,MnS,Dongguan Suscong Healthcare Co Ltd,Group 1 Xisha Village Gaobu Town Dongguan City Guangdong Province,China,Not Mentioned
152,PVH,Four H Apparels Ltd,295 Jalalabad Baluchara Hathazari Road Chittagong 4214,Bangladesh,Not Mentioned
153,MnS,Four H Lingerie Limited,Brtc Bus Depot Baluchara Hathajari Road Chittagong 4335,Bangladesh,Not Mentioned
154,MnS,Habitus Fashion Ltd,Gazariapara Bhowal Mirzapur Gazipur,Bangladesh,Not Mentioned
155,MnS,Haining IRIM Leather Co Ltd,Building 1 #623 Luolong Road Haichang Street Haining City Zhejiang Province,China,Not Mentioned
156,Levis,Interloop Limited HDI,1-Km Khurrianwala Jaranwala Road Faisalabad,Pakistan,Not Mentioned
157,MnS,Irma Cosmetics Co Ltd,No 55 Tianhu South Road Qujiang District Quzhou City Zhejiang,China,Not Mentioned
158,MnS,Jiangsu Suntex Garments Limited,No 85 Shidai Road Luhe Economic Development Zone Nanjing Jiangsu Province,China,Not Mentioned
159,Levis,Jiaxing Qiselang Garment Co Ltd,Yandong Village Wuyuan Town Haiyan County Zhejiang Province,China,Not Mentioned
160,Levis,Nishat Mills Limited Apparels Division,7-Km Nishat Avenue Off 22-Km Feroze Pur Road Lahore Punjab,Pakistan,Not Mentioned
161,MnS,NJ Screen Prints,8 Nuffield Road Harrowbrook Industrial Estate Hinckley Leicestershire Le10 3Dj,United kingdom,Not Mentioned
162,MnS,Pankaj Mercantile Company,101 Everest House 6 Suren Road Andheri (East) Mumbai Maharashtra 400 093,India,Not Mentioned
163,MnS,Rockline Industries Ltd Redditch,Heming Road Redditch Worcester B98 0Dh,United kingdom,Not Mentioned
164,PVH,Rongcheng Zheng Qinghe,No. 329 Jiangshang Road Shidao District Rong Cheng Shandong Province,China,Not Mentioned
165,Levis,Rudong Knitit Fashion Accessory Co Ltd,No 18 Huanghe Road Rudong County Nantong City Jiangsu Province,China,Not Mentioned
166,MnS,Sargam Exports Ltd Plot 152 153,"152-153, Phase-I Udyog Vihar Gurgaon Haryana",India,Not Mentioned
167,MnS,Sargam Exports Ltd Plot 210,Plot No. 210 Phase I Udyog Vihar Gurgaon Haryana 122016,India,Not Mentioned
168,Levis,Shengzhou Yuelong Tie And Apparel Co Ltd,"No.55, Yuexiang Road Sanjiang Sub-District Shengzhou Zhejiang",China,Not Mentioned
169,Levis,Splendid Chance International Ltd,New Road Sangkat Toul Sangker Khan Russey Keo Phnom Penh,Cambodia,Not Mentioned
170,MnS,Sungkwang Apparels Ltd,Plot No 1384-86 1420-21 Vogra Bason Sarak Chandona Gazipur,Bangladesh,Not Mentioned
171,Levis,Tanzania Tooku Garments Co Ltd,Plot No.22&23 Benjamin William Mkapa Export Processing Zone Mandela Road Ubungo External Dar Es Salaam,Tanzania,Not Mentioned
172,MnS,Texport Syndicate I Ltd B3F,#85 (Basement) Industrial Suburb 2Nd Phase Yeshwanthpur Bangalore Karnataka 560022,India,Not Mentioned
173,MnS,Texport Syndicate India Ltd Unit 4,Unit 4 No. 40/2 Dasanapura Opp. Surat Goods Carrier Madanayakanahalli Tumkur Road Bangalore 562123,India,Not Mentioned
174,MnS,Tian Run Garment Limited,Han Xi Shui Village Cha Shan Town Dongguan City Guangdong Province,China,Not Mentioned
175,MnS,Ugur Konfeksiyon San Ve Tic As Sapanca,Cayici Mh Aslan Korpi Sk No 18 Sapanca Sakarya 54600,Turkey,Not Mentioned
176,PVH,Unimas Sportswear,Bagbari Kashimpur Gazipur Sadar,Bangladesh,Not Mentioned
177,Levis,US Apparel Pvt Ltd Unit 5,3.5Km Defence Raiwind Road Lahore Punab,Pakistan,Not Mentioned
178,MnS,Ventura Bangladesh Ltd,"Plot No, 65,66,67,68,69, Karnaphuli Export Processing Zone ( Kepz) North Patenga Chittagong 4204",Bangladesh,Not Mentioned
179,MnS,Vinty Impex,A 57-58 Okhla Industrial Area Phase 1 New Delhi 110020,India,Not Mentioned
180,MnS,Yantai Langlang Fashion Co Ltd,No. 27 Haixing Road Yantai Haiyang Shandong,China,Not Mentioned
181,Levis,Yixin Xiamen Leather Goods Co Ltd,"Fengnan Farm, Dapu Village Xinmin Town Tongan District Xia Men City Fujian Province 361003",China,Not Mentioned
182,Levis,Zhangjiagang Jinxing Garment Co Ltd,1 Zhangji Village Yangshe Town Zhangjiagang Jiangsu,China,Not Mentioned
183,MnS,Zhangjiagang Modat Co Ltd,No 32 Zhongxing Road Zhangjiagang Economic Development Zone Zhangjiaguang City Jiangsu Province,China,Not Mentioned
184,MnS,Zhejiang BangJie Digital Knitting Share Co Ltd,South Section Suxi Town Yiwu City Zhejiang Province 322009,China,Not Mentioned
185,MnS,Zhejiang Goldtop Hat & Fashion Co Ltd,"No 5, 2Nd Danchen Road Beiyuan Industrial Zone Yiwu City Zhejiang Province",China,Not Mentioned
186,Levis,"A First Vina Co., Ltd.","Street 2, Tam Phuoc Industrial Zone Bien Hoa 810000 Dong Nai",Vietnam,Apparel
187,Levis,Bac Giang Garment Corporation,"349 Giap Hai, Dinh Ke Ward Bac Giang 23000 Bac Giang",Vietnam,Apparel
188,Levis,Ceylon Knit Trend (Pvt) Limited,Divurumpitiya Getahetta Eheliyagoda 70620 Sabaragamuwa,Sri Lanka,Apparel
189,Levis,ChangZhou QingQing Knitting Factory,"1/F, Block D, No. 1315, JinSha Avenue, JinTan District, ChangZhou 213234 Jiangsu",China,Apparel
190,PVH,DOMEX (QUANG NAM) COMPANY LIMITED,"Lot B/B1, Ha Lam Industrial Group, Binh Phuc Commune, Duoc Market Thang Binh District 51000 Quang Nam",Vietnam,Apparel
191,PVH,"Eishin Co., Ltd Fukushima Factory",43-1 Izumisaki Bouzukubo Izumisaki Mura Nishishirakawagun Fukushima 969-0101,Japan,Accessories
192,Levis,"Fashion Garments 2 Co., Ltd","Road 3, Bien Hoa Industry zone 1, Bien Hoa city, Dong Nai Province Bien Hoa 71000 Dong Nai",Vietnam,Apparel
193,Levis,"Fashion Garments 2 Co., Ltd - Tan Phu Branch","Road 3, Tan Phu Industrial Zone, Tan Phu District Bien Hoa 71000 Dong Nai",Vietnam,Apparel
194,Levis,"Fashion Garments 2 Co., Ltd (Unit 2)","Road # 13A, Bien Hoa Industrial Zone II Bien Hoa 71000 Dong Nai",Vietnam,Apparel
195,MnS,Fook Wah Kun Kee Garment (Shenzhen) Ltd.,Shenzhen,China,Not Mentioned
196,MnS,Frog Prince Daily Chemical Company Limited,Zhangzhou,China,Not Mentioned
197,MnS,Gelal Corap Sanayi ve Ticaret A.S. - IST,Akcaburgaz Mah. 117. Sok. No:2 Esenyurt Istanbul 34500 Istanbul,Turkey,Accessories
198,MnS,Haining United Socks Co. Ltd,No. 360 Haifeng Road Haichang Street Haining 314400 Zhejiang,China,Accessories
199,Levis,Impression Apparel Group S.A. de C.V.,"Blvd. Del Ejercito Km 8 1/2 Y Calle Cooperativa Algodonera, Edificio 1, Soyapango San Salvador",El Salvador,Apparel
200,Levis,Industrias Merlet S.A. DE C.V.,Calle Circunvalacion Polg. A #3 Urb. Industrial Plan de La Laguna Antiguo Cuscatlan n/a La Libertad,El Salvador,Apparel
201,Levis,Interloop Limited (Hosiery Division I),1-Km Khurrianwala-Jaranwala Road Khurrianwala-faisalabad Faisalabad 37630 Punjab,Pakistan,Accessories
202,MnS,Jintan Qingqing Knitted Factory,Changzhou,China,Not Mentioned
203,Levis,Karnaphuli Shoes Industries Limited (Garment Unit),"Korean Export Processing Zone Anowara, Chittagong 4371 Chittagong",Bangladesh,Apparel
204,MnS,Kenpark Bangladesh Apparel (Pvt) Ltd [K-5],"Plot #14/23, Sector #2 Karnaphuli Export Processing Zone Chittagong 4204 Chittagong",Bangladesh,Apparel
205,Levis,"LEXCO CO., LTD.","street number 10 factory 22&23, Long Thanh IZ Long Thanh 71000 Dong Nai",Vietnam,Accessories
206,Levis,MASOOD TEXTILE MILLS LIMITED,Sahianwala Road Khurrianwala Faisalabad 38000 Punjab,Pakistan,Apparel
207,Levis,PT Dada Indonesia,"Jl. Raya Sadang Ciwangi, Kec. Bungursari Purwakarta 41118 Jawa Barat",Indonesia,Apparel
208,PVH,"Regina Miracle International Vietnam Co., ltd","No 9 East Ð West Road, VSIP Hai Phong Thuy Nguyen District, Dinh Vu Economic Zone, Cat Hai Hai Phong 84",Vietnam,Apparel
209,PVH,Regina Miracle Intimate Apparel (Shenzhen) Ltd.,"No.5 Cengyao Industrial Estate Yulu, Gongming Baoan Gongming Yulu Bao'an District Shenzhen 518132 Guangdong",China,Apparel
210,Levis,Renfro India Private Ltd.,"Gat No. 1231 (Part) Sanaswadi, Taluka Shirur District Pune Pune 412208 Maharashtra",India,Accessories
211,PVH,Supertex S.A.,Carrera 35 No-10-707 Acopy Yumbo n/a Valle del Cauca,Colombia,Apparel
212,Levis,"Thong Thai Textile (Myanmar) Co.,Ltd","175 Pan Be Kaung Mg Khet Street , Hliang Thar Yar Zone (1) Hliang Thar Yar Township 11401 Yangon",Myanmar,Apparel
213,Levis,"Thong Thai Textile Co., Ltd.","No. 21, Soi Phetkasem 81 Ma-Charoen Rd Nongkhaem Bangkok 10160 Bangkok",Thailand,Apparel
214,Levis,Thuan Phuong Embroideries Garments Company Limited Binh Chanh Factory,"D15/8 Dinh Duc Thien, Hamlet 4, Binh Chanh Commune, Binh Chanh District Thanh pho Ho Chi Minh",Vietnam,Apparel
215,MnS,V. Fraas GmbH,"Orter Strasse 6, Helmbrechts,95233 Freistaat Bayern Helmbrechts 95233 Freistaat Bayern",Germany,Accessories
216,Levis,"VAS Garment (Thailand) Co., Ltd.","30 Moo 13, Kaeng Loeng Jan Muang Mahasarakham 44000 Maha Sarakham",Thailand,Apparel
217,MnS,World Knits Ltd. (Quartier Militaire),New Road Vuillemin Quartier Militaire Militaire 81106,Mauritius,Apparel
218,PVH,Yancheng Ever-Development Garment & Gifts Co. Ltd.,Yancheng,China,Not Mentioned
219,PVH,"Young Sporting Goods (Suzhou) Co., Ltd.",No.498 ChangAn Road Wujiang Economic & Technological Development Zone Suzhou 215200 Jiangsu,China,Accessories
220,Levis,"Yupoong Vietnam Co., Ltd.","Lot A-2,3,4, LOTECO EPZ, Bien Hoa, Dong Nai Province Bien Hoa 71000 Dong Nai",Vietnam,"Accessories, Apparel"
221,MnS,Cosmopolitan Industries PVT Ltd,"Khejur Bagan, Bara Ashulia,
Savar, Dhaka",Bangladesh,Apparel
222,MnS,Kenpark Bangladesh (Pvt) Ltd (Unit 1),"Sector 8, Plot 31-42, Ctg Export
Processing Zone, Chittagong",Bangladesh,Apparel
223,PVH,Blue Ocean Confeccoes Ltda,"Rua Desembargador Clotario Portugal No. 58, Apucarana Parana",Brazil,Accessories
224,PVH,Pituka Ind Com Benefeciamento De Fios Ltda,"AV. Joao Paulo Ablas,592 - Jardim Da Gloria, Cotia - SP Sudeste - Sao Paulo",Brazil,Apparel
225,PVH,Canton Unicorn Leather Goods Factory,"No. 67, Zhenxing Road, Shiling Town, Huadu District, Guangzhou City, Guangdong, Guangzhou Guangdong",China,Accessories
226,PVH,Changzhou Tooku Garments Co Ltd (Finishing sub factory),"No.2 Jinghu Road,Xinbei District, Changzhou, Jiangsu, Changzhou",China,Apparel
227,PVH,"Dezhou Excellent Garment MFG Co.,Ltd","Block 2, 16 Grand Road, Tianqu Industrial Park, Decheng District, Dezhou City, Shandong, Dezhou City Shandong",China,Apparel
228,PVH,"FUJIAN DONGFANG LIELANG CLOTHING WEAVING CO.,LTD","HUANGSHI INDUSTRIAL ZONE, HUANGSHI TOWN, LICHENG DISTRICT,, Putian Fujian",China,Footwear
229,PVH,"Fujian Huaang Sport Goods Co.,Ltd","No.221,East Huancun Road,
Jiangtou Village,Chendai Town,Jinjiang City,Fujian Province, Jinjiang Fujian",China,Footwear
230,MnS,"Hangzhou Fanduote Garments,Co Ltd.","NO.53 CHUNCHAO ROAD, SOUTH BLOCK, XIAOSHAN ECONOMIC DEVELOPMENT ZONE, Hangzhou Zhejiang",China,Apparel
231,MnS,"Nantong Foremost Headwears Co., Ltd","No.18, Fumei Road, Qinzao Town, Gangzha, Nantong Jiangsu",China,Accessories
232,PVH,"Shanghai QinFa Fashion Co.,Ltd","No.102-2 Jinyu Road, Songjiang, Shanghai",China,Not Mentioned
233,PVH,"Shaoxing Maidilang Tie & Accessory Co., Ltd","No.777, Yijing Road, Shengzhou Economy Development Zone, Shengzhou, Zhejiang, China, Shengzhou Zhejiang",China,Accessories
234,MnS,"Super Performance Textile (Shenzhen) Co., Ltd","Mid-Dan Zi Road, Ping Shan district, Shenzhen, Guangdong, Shenzhen Guangdong",China,Apparel
235,MnS,"Suzhou Blue Seagull Fashion Co., Ltd","Economy Exploiture Section, Liantang Town, Changshu, Jiangsu, Changshu Jiangsu",China,Accessories
236,PVH,"Zhejiang Babei Necktie Weaving Co.,Ltd","NO.788 YIJING Road,Shengzhou City,Zhejiang, Shengzhou Zhejiang",China,Accessories
237,PVH,Maytex,"15 May City Industrial Zone #1 Industrial Zone Part 1, Helwan, Cairo, Cairo",Egypt,Apparel
238,MnS,BPS Industries - Unit B,"Units 15 to 18, SDF 2, Phase 2, MEPZ-SEZ,Tambaram, Chennai",India,Accessories
239,MnS,BPS Industries Unit 28 & 29,"SDF - III, Phase - II, MEPZ - SEZ, Tambaram,, Chennai",India,Accessories
240,MnS,Everblue Apparels Ltd,"# D1 & D2, KIADB Industrial Area, Bangalore",India,Apparel
241,MnS,Sunrise Fashions,"No. 27/2, Gottigere Village, Bannerghatta Road, Bangalore",India,Apparel
242,PVH,Minoronzoni srl,"VIA ENRICO FERMI -24036 PONTE SAN PIETRO BERGAMO ITALY, Ponte S Pietro",Italy,Accessories
243,MnS,Aquarelle Madagascar S.A,"Zone Forello Tanjombato,Antananarivo 101, Antananarivo",Madagascar,Apparel
244,PVH,Altima Textil Laguna SRL de CV,"Av. Allende 1995 Ote., Torreon",Mexico,Apparel
245,PVH,Malhas Sonix S.A.,"Rue Filipa Borges 1163, Apartado 216, Barcelos",Portugal,Apparel
246,PVH,sc Bellarma srl,"Str. EUROPA UNITA nr. 13 CAP: 550018 SIBIU ROMANIA, Sibiu",Romania,Accessories
247,PVH,SC BONTIMES SRL,"ROMANIA, Timis, Dumbravita, Str. GRAMMA II nr. 1, Timis",Romania,Footwear
248,MnS,Hela Clothing (Pvt) Ltd. Thihariya,"875, Rosimer Estate, Kandy Road, Thihariya,, Nittambuwa",Sri Lanka,Apparel
249,PVH,Hirdaramani Garments Katunayake (Pvt) Ltd,"Ring Road 2, K.E.P.Z. Katunayake, Katunayake Katunayake",Sri Lanka,Apparel
250,PVH,Hirdaramani Industries Pvt Ltd Kahathuduwa,"No 279 Horana Road, Kahathuduwa, Kahathuduwa",Sri Lanka,Apparel
251,MnS,Hirdaramani Mercury Apparel (Pvt) Ltd - Seethawaka- tops&bottoms,"Lot No : F -2,Seethawaka Industrial Park,Avissawella, Seethawaka",Sri Lanka,Apparel
252,PVH,Hirdaramani Mercury Apparel (Pvt)Ltd Katunayake (new),"Ring Road 1, EPZ,, Katunayake Katunayake",Sri Lanka,Apparel
253,PVH,MRC Associate Garments (Pvt) Limited,"High Level Road, Meepe., Padukka Western Province",Sri Lanka,Apparel
254,PVH,Vogue Tex (Private) Limited. (Kosgoda),"Hegalla, Kosgoda,, Hegalla",Sri Lanka,Apparel
255,MnS,Voguetex (Private) Limited,"Bulnewa, Galnewa, 80570, Galnewa",Sri Lanka,Apparel
256,PVH,"Eclat Textile Co,. Ltd (Viet Nam)","Road 5A, Nhon Trach II Industrial Zone, Nhon Trach District, Dong Nai",Vietnam,Apparel
257,PVH,Hung Long Garment & Service Joint Stock Company,"KM24, NO.5 HIGHWAY, DI SU COMMUNE, HY HAO DISTRICT, HUNG YEN PROVINCE, Hung Yen Hung Yen Province",Vietnam,Apparel
258,PVH,Minh Tri Company Limited,"Vinh Tuy Industrial Zone, Vinh Hung Ward, Hoang Mai District",Vietnam,Apparel
259,PVH,Song Hong Garment JSC - Factory 7.8.9.10,"Truong Chinh St., Xuan Truong District, Nam Dinh Province., Xuan Truong Nam Dinh",Vietnam,Apparel
260,MnS,"Sunjin Vina Co.,Ltd","Hoa Lan Thuan Giao Thuan An, Ho Chi Minh",Vietnam,Apparel
261,MnS,TNG Investment and Trading JSC- Viet Thai Garment Branch,"No.221 Thong Nhat Street, Tan Lap Ward, Thai Nguyen City, Thai Nguyen Province, Thai Nguyen Thai Nguyen",Vietnam,Apparel
262,PVH,EPYLLION STYLE LTD,"BAHADURPUR, BHAWAL MIRZAPUR, GAZIPUR SADA",BANGLADESH,CLOTHING
263,PVH,GOLDTEX GARMENTS LTD,"PLOT- 98-100, DHAKA EXPORT PROCESSING ZONE, BAIPAYL",BANGLADESH,CLOTHING
264,PVH,KENPARK BANGALDESH APPAREL (PVT.) LTD.(K-2),"PLOT# 69-85, KARNAPHULI EPZ, CHITTAGONG, BANGLADESH",BANGLADESH,CLOTHING
265,PVH,LEGACY FASHIONS LTD.,"KALURGHAT CHITTAGONG, 4000",BANGLADESH,CLOTHING
266,PVH,MAS INTIMATES BANGLADESH (PVT) LTD,"40 NO. NORTH PATENGA WARD, CHITTAGONG",BANGLADESH,CLOTHING
267,PVH,PANDORA SWEATERS LTD,GILAR CHALA RD,BANGLADESH,CLOTHING
268,PVH,ROSE SWEATERS LTD. (UNIT - 2),SABED ALI MUNSHI RD,BANGLADESH,CLOTHING
269,PVH,SONIA AND SWEATERS LTD,"604, KONDOLBAGH, TAIBPUR, ASHULIA ROAD",BANGLADESH,CLOTHING
270,PVH,SQUARE FASHIONS LTD,"ROKEYAPUR, JAMIRDIA, HABIRBARI, MYMENSINGH, VALUKA",BANGLADESH,CLOTHING
271,PVH,VIYELLATEX LIMITED,"297,KHAIRTUL, TONGI, GAZIPUR",BANGLADESH,CLOTHING
272,PVH,DONGGUAN QUALITY KNITWEAR LTD,"SHU JIU WEI MIAN QIAN LU, DONGGUAN SHI, GUANGDONG SHENG",CHINA,CLOTHING
273,PVH,FOSHAN SHUN DE STRATEGIC GARME,"CHENCUN INDUSTRIAL PARK, SHUNDE DISTRICT, FOSHAN CITY, GUANGDONG PROVINCE",CHINA,CLOTHING
274,PVH,HANGZHOU U-JUMP ARTS & CRAFTS,"CHONGXIAN VILLLAGE, CHONGXIAN TOWN, HANGZHOU, ZHEJIANG PROVINCE",CHINA,CLOTHING
275,PVH,JIAXING NEW REMEI FASHION CO.,"NO. 518, QUANGONG TING EAST ROAD, DUSHANGANG TOWN, PINGHU CITY, ZHEJIANG PROVINCE",CHINA,CLOTHING
276,PVH,KWONG WAI HUI DONG KNITTING,"TAIYANGAO PINGSHEN ROAD PINGSHAN TOWN, GUANGDONG",CHINA,CLOTHING
277,PVH,"SOUTH PACIFIC FASHIONS CO., LTD","WAN JIANG INDUSTRIAL AREA, WAN JIANG DISTRICT, 107 NATIONAL ROAD, DONGGUAN CITY, GUANGDONG PROVINCE",CHINA,CLOTHING
278,PVH,"WUXI JINMAO GARMENT CO., LTD.","NO.211 XINGTANG ROAD, XISHAN INDUSTRIAL",CHINA,CLOTHING
279,PVH,JAK GROUP,"356, UDYOG VIHAR INDUSTRIAL AREA PHASE VI, SECTOR 37, GURGAON, HARYANA 12200",INDIA,ACCESSORIES
280,PVH,BRANDIX APPAREL INDIA PVT LTD,"DUVVADA, VISAKHAPATNAM, ANDHRA PRADESH 531011",INDIA,CLOTHING
281,PVH,QUANTUM CLOTHING INDIA PVT LTD,"#12, BIAC SEZ, PUDIMADAKA ROAD, ANDHRA PRADESH, ATCHUTHAPURAM",INDIA,CLOTHING
282,PVH,RADNIK EXPORTS (186),"215, UDYOG VIHAR, PHASE-I, UDYOG VIHAR, DUNDAHERA VILLAGE, SECTOR 20, GURGAON, HARYANA 122016",INDIA,CLOTHING
283,PVH,SHAHI EXPORTS PVT LTD UNIT 12,"37/1B, AREKERE VILLAGE, BANNERGHATTA ROAD, AREKERE VILLAGE, BANNERUGHATTA, BENGALURU, KARNATAKA 560076",INDIA,CLOTHING
284,PVH,"VOGUE TEX( PVT) LTD, KOSGODA.","HEGALLE, PIYAGAMA, KOSGODA",SRI LANKA,CLOTHING
285,PVH,THAI PROGRESS GARMENT CO. LTD,"587 SOI 4/2 EXPORT PROCESSING ZONE BANG-PA-IN INDUSTRIAL ESTATE, BANG-PA-IN",THAILAND,CLOTHING
286,PVH,NESAN TRIKO KONFEKSIYON,"IKITELLI OSB MAH. AYKOSAN SANAYI SITESI 2. KISIM 17 A2 BLOK DIS KAPI NO1 IC KAPI NO.1 2 3 4 ,BASAKSEHIR, ISTANBUL",TURKEY,CLOTHING
287,PVH,UNITED SWIMWEAR APPAREL CO LTD,"LOT C1, SUOI DAU INDUSTRIAL ZONE, CAM LAM DISTRICT, KHANH HOA PROVINCE, VIETNAM",VIETNAM,CLOTHING
288,PVH,UPGAIN (VN) MFG CO LTD,"LINH TRUNG 1 E.P.Z, STREET NO. 4, LOT 64-66-68, LINH TRUNG WARD, THU DUC DISTRICT",VIETNAM,CLOTHING
289,PVH,AKH Eco Apparels Ltd,495 Balitha Shah-Belishwer Dhamrai Dhaka 1800,Bangladesh,Not Mentioned
290,PVH,Four H Lingerie Limited,Brtc Bus Depot Baluchara Hathajari Road Chittagong 4335,Bangladesh,Not Mentioned
291,PVH,Jiangsu Suntex Garments Limited,No 85 Shidai Road Luhe Economic Development Zone Nanjing Jiangsu Province,China,Not Mentioned
292,PVH,Shengzhou Yuelong Tie And Apparel Co Ltd,"No.55, Yuexiang Road Sanjiang Sub-District Shengzhou Zhejiang",China,Not Mentioned
293,PVH,Fook Wah Kun Kee Garment (Shenzhen) Ltd.,Shenzhen,China,Not Mentioned
294,PVH,Kenpark Bangladesh Apparel (Pvt) Ltd [K-5],"Plot #14/23, Sector #2 Karnaphuli Export Processing Zone Chittagong 4204 Chittagong",Bangladesh,Apparel
295,PVH,MASOOD TEXTILE MILLS LIMITED,Sahianwala Road Khurrianwala Faisalabad 38000 Punjab,Pakistan,Apparel
296,PVH,V. Fraas GmbH,"Orter Strasse 6, Helmbrechts,95233 Freistaat Bayern Helmbrechts 95233 Freistaat Bayern",Germany,Accessories
297,PVH,Kenpark Bangladesh (Pvt) Ltd (Unit 1),"Sector 8, Plot 31-42, Ctg Export
Processing Zone, Chittagong",Bangladesh,Apparel
298,PVH,"Nantong Foremost Headwears Co., Ltd","No.18, Fumei Road, Qinzao Town, Gangzha, Nantong Jiangsu",China,Accessories
299,PVH,Hela Clothing (Pvt) Ltd. Thihariya,"875, Rosimer Estate, Kandy Road, Thihariya,, Nittambuwa",Sri Lanka,Apparel