brand,factoryName,address,country,supplierType
Primark,AKH Eco Apparels Ltd,495 Balitha Shah-Belishwer Dhamrai Dhaka 1800,Bangladesh,Not Mentioned
Primark,Ananta Denim Technology Ltd,Noyabari Kanchpur Sonargaon Narayanganj,Bangladesh,Not Mentioned
Primark,Ananta Huaxiang Ltd,"222, 223, H2-H4, Adamjee Epz Shiddirgonj Narayanganj Dhaka",Bangladesh,Not Mentioned
Primark,Bosideng Co Ltd Changshu Garment Factory,Bosideng Industrial Zone(Baimao Industrial Zone) Baimao Industrial Zone Changshu City Jiangsu Province,China,Not Mentioned
Primark,Coast to Coast Pvt Ltd,Bashon Mouza: 35 Chandana Itahata Gazipur Sadar Gazipur 1702,Bangladesh,Not Mentioned
Primark,Crescent Fashion & Design Limited,Beximco Industrial Park Sarabo Kashimpur Gazipur Dhaka,Bangladesh,Not Mentioned
Primark,Dongguan Suscong Healthcare Co Ltd,Group 1 Xisha Village Gaobu Town Dongguan City Guangdong Province,China,Not Mentioned
Primark,Four H Apparels Ltd,295 Jalalabad Baluchara Hathazari Road Chittagong 4214,Bangladesh,Not Mentioned
Primark,Four H Lingerie Limited,Brtc Bus Depot Baluchara Hathajari Road Chittagong 4335,Bangladesh,Not Mentioned
Primark,Habitus Fashion Ltd,Gazariapara Bhowal Mirzapur Gazipur,Bangladesh,Not Mentioned
Primark,Haining IRIM Leather Co Ltd,Building 1 #623 Luolong Road Haichang Street Haining City Zhejiang Province,China,Not Mentioned
Primark,Interloop Limited HDI,1-Km Khurrianwala Jaranwala Road Faisalabad,Pakistan,Not Mentioned
Primark,Irma Cosmetics Co Ltd,No 55 Tianhu South Road Qujiang District Quzhou City Zhejiang,China,Not Mentioned
Primark,Jiangsu Suntex Garments Limited,No 85 Shidai Road Luhe Economic Development Zone Nanjing Jiangsu Province,China,Not Mentioned
Primark,Jiaxing Qiselang Garment Co Ltd,Yandong Village Wuyuan Town Haiyan County Zhejiang Province,China,Not Mentioned
Primark,Nishat Mills Limited Apparels Division,7-Km Nishat Avenue Off 22-Km Feroze Pur Road Lahore Punjab,Pakistan,Not Mentioned
Primark,NJ Screen Prints,8 Nuffield Road Harrowbrook Industrial Estate Hinckley Leicestershire Le10 3Dj,United kingdom,Not Mentioned
Primark,Pankaj Mercantile Company,101 Everest House 6 Suren Road Andheri (East) Mumbai Maharashtra 400 093,India,Not Mentioned
Primark,Rockline Industries Ltd Redditch,Heming Road Redditch Worcester B98 0Dh,United kingdom,Not Mentioned
Primark,Rongcheng Zheng Qinghe,No. 329 Jiangshang Road Shidao District Rong Cheng Shandong Province,China,Not Mentioned
Primark,Rudong Knitit Fashion Accessory Co Ltd,No 18 Huanghe Road Rudong County Nantong City Jiangsu Province,China,Not Mentioned
Primark,Sargam Exports Ltd Plot 152 153,"152-153, Phase-I Udyog Vihar Gurgaon Haryana",India,Not Mentioned
Primark,Sargam Exports Ltd Plot 210,Plot No. 210 Phase I Udyog Vihar Gurgaon Haryana 122016,India,Not Mentioned
Primark,Shengzhou Yuelong Tie And Apparel Co Ltd,"No.55, Yuexiang Road Sanjiang Sub-District Shengzhou Zhejiang",China,Not Mentioned
Primark,Splendid Chance International Ltd,New Road Sangkat Toul Sangker Khan Russey Keo Phnom Penh,Cambodia,Not Mentioned
Primark,Sungkwang Apparels Ltd,Plot No 1384-86 1420-21 Vogra Bason Sarak Chandona Gazipur,Bangladesh,Not Mentioned
Primark,Tanzania Tooku Garments Co Ltd,Plot No.22&23 Benjamin William Mkapa Export Processing Zone Mandela Road Ubungo External Dar Es Salaam,Tanzania,Not Mentioned
Primark,Texport Syndicate I Ltd B3F,#85 (Basement) Industrial Suburb 2Nd Phase Yeshwanthpur Bangalore Karnataka 560022,India,Not Mentioned
Primark,Texport Syndicate India Ltd Unit 4,Unit 4 No. 40/2 Dasanapura Opp. Surat Goods Carrier Madanayakanahalli Tumkur Road Bangalore 562123,India,Not Mentioned
Primark,Tian Run Garment Limited,Han Xi Shui Village Cha Shan Town Dongguan City Guangdong Province,China,Not Mentioned
Primark,Ugur Konfeksiyon San Ve Tic As Sapanca,Cayici Mh Aslan Korpi Sk No 18 Sapanca Sakarya 54600,Turkey,Not Mentioned
Primark,Unimas Sportswear,Bagbari Kashimpur Gazipur Sadar,Bangladesh,Not Mentioned
Primark,US Apparel Pvt Ltd Unit 5,3.5Km Defence Raiwind Road Lahore Punab,Pakistan,Not Mentioned
Primark,Ventura Bangladesh Ltd,"Plot No, 65,66,67,68,69, Karnaphuli Export Processing Zone ( Kepz) North Patenga Chittagong 4204",Bangladesh,Not Mentioned
Primark,Vinty Impex,A 57-58 Okhla Industrial Area Phase 1 New Delhi 110020,India,Not Mentioned
Primark,Yantai Langlang Fashion Co Ltd,No. 27 Haixing Road Yantai Haiyang Shandong,China,Not Mentioned
Primark,Yixin Xiamen Leather Goods Co Ltd,"Fengnan Farm, Dapu Village Xinmin Town Tongan District Xia Men City Fujian Province 361003",China,Not Mentioned
Primark,Zhangjiagang Jinxing Garment Co Ltd,1 Zhangji Village Yangshe Town Zhangjiagang Jiangsu,China,Not Mentioned
Primark,Zhangjiagang Modat Co Ltd,No 32 Zhongxing Road Zhangjiagang Economic Development Zone Zhangjiaguang City Jiangsu Province,China,Not Mentioned
Primark,Zhejiang BangJie Digital Knitting Share Co Ltd,South Section Suxi Town Yiwu City Zhejiang Province 322009,China,Not Mentioned
Adidas,Zhejiang BangJie Digital Knitting Share Co Ltd,South Section Suxi Town Yiwu City Zhejiang Province 322009,China,Not Mentioned
Primark,Zhejiang Goldtop Hat & Fashion Co Ltd,"No 5, 2Nd Danchen Road Beiyuan Industrial Zone Yiwu City Zhejiang Province",China,Not Mentioned
Adidas,"A First Vina Co., Ltd.","Street 2, Tam Phuoc Industrial Zone Bien Hoa 810000 Dong Nai",Vietnam,Apparel
Adidas,Bac Giang Garment Corporation,"349 Giap Hai, Dinh Ke Ward Bac Giang 23000 Bac Giang",Vietnam,Apparel
Adidas,Ceylon Knit Trend (Pvt) Limited,Divurumpitiya Getahetta Eheliyagoda 70620 Sabaragamuwa,Sri Lanka,Apparel
Adidas,ChangZhou QingQing Knitting Factory,"1/F, Block D, No. 1315, JinSha Avenue, JinTan District, ChangZhou 213234 Jiangsu",China,Apparel
Adidas,DOMEX (QUANG NAM) COMPANY LIMITED,"Lot B/B1, Ha Lam Industrial Group, Binh Phuc Commune, Duoc Market Thang Binh District 51000 Quang Nam",Vietnam,Apparel
Adidas,"Eishin Co., Ltd Fukushima Factory",43-1 Izumisaki Bouzukubo Izumisaki Mura Nishishirakawagun Fukushima 969-0101,Japan,Accessories
Adidas,"Fashion Garments 2 Co., Ltd","Road 3, Bien Hoa Industry zone 1, Bien Hoa city, Dong Nai Province Bien Hoa 71000 Dong Nai",Vietnam,Apparel
Adidas,"Fashion Garments 2 Co., Ltd - Tan Phu Branch","Road 3, Tan Phu Industrial Zone, Tan Phu District Bien Hoa 71000 Dong Nai",Vietnam,Apparel
Adidas,"Fashion Garments 2 Co., Ltd (Unit 2)","Road # 13A, Bien Hoa Industrial Zone II Bien Hoa 71000 Dong Nai",Vietnam,Apparel
Adidas,Fook Wah Kun Kee Garment (Shenzhen) Ltd.,Shenzhen,China,Not Mentioned
Adidas,Frog Prince Daily Chemical Company Limited,Zhangzhou,China,Not Mentioned
Adidas,Gelal Corap Sanayi ve Ticaret A.S. - IST,Akcaburgaz Mah. 117. Sok. No:2 Esenyurt Istanbul 34500 Istanbul,Turkey,Accessories
Adidas,Haining United Socks Co. Ltd,No. 360 Haifeng Road Haichang Street Haining 314400 Zhejiang,China,Accessories
Adidas,Impression Apparel Group S.A. de C.V.,"Blvd. Del Ejercito Km 8 1/2 Y Calle Cooperativa Algodonera, Edificio 1, Soyapango San Salvador",El Salvador,Apparel
Adidas,Industrias Merlet S.A. DE C.V.,Calle Circunvalacion Polg. A #3 Urb. Industrial Plan de La Laguna Antiguo Cuscatlan n/a La Libertad,El Salvador,Apparel
Adidas,Interloop Limited (Hosiery Division I),1-Km Khurrianwala-Jaranwala Road Khurrianwala-faisalabad Faisalabad 37630 Punjab,Pakistan,Accessories
Adidas,Jintan Qingqing Knitted Factory,Changzhou,China,Not Mentioned
Adidas,Karnaphuli Shoes Industries Limited (Garment Unit),"Korean Export Processing Zone Anowara, Chittagong 4371 Chittagong",Bangladesh,Apparel
Adidas,Kenpark Bangladesh Apparel (Pvt) Ltd [K-5],"Plot #14/23, Sector #2 Karnaphuli Export Processing Zone Chittagong 4204 Chittagong",Bangladesh,Apparel
Adidas,"LEXCO CO., LTD.","street number 10 factory 22&23, Long Thanh IZ Long Thanh 71000 Dong Nai",Vietnam,Accessories
Adidas,MASOOD TEXTILE MILLS LIMITED,Sahianwala Road Khurrianwala Faisalabad 38000 Punjab,Pakistan,Apparel
Adidas,PT Dada Indonesia,"Jl. Raya Sadang Ciwangi, Kec. Bungursari Purwakarta 41118 Jawa Barat",Indonesia,Apparel
Adidas,"Regina Miracle International Vietnam Co., ltd","No 9 East Ð West Road, VSIP Hai Phong Thuy Nguyen District, Dinh Vu Economic Zone, Cat Hai Hai Phong 84",Vietnam,Apparel
Adidas,Regina Miracle Intimate Apparel (Shenzhen) Ltd.,"No.5 Cengyao Industrial Estate Yulu, Gongming Baoan Gongming Yulu Bao'an District Shenzhen 518132 Guangdong",China,Apparel
Adidas,Renfro India Private Ltd.,"Gat No. 1231 (Part) Sanaswadi, Taluka Shirur District Pune Pune 412208 Maharashtra",India,Accessories
Adidas,Supertex S.A.,Carrera 35 No-10-707 Acopy Yumbo n/a Valle del Cauca,Colombia,Apparel
Adidas,"Thong Thai Textile (Myanmar) Co.,Ltd","175 Pan Be Kaung Mg Khet Street , Hliang Thar Yar Zone (1) Hliang Thar Yar Township 11401 Yangon",Myanmar,Apparel
Adidas,"Thong Thai Textile Co., Ltd.","No. 21, Soi Phetkasem 81 Ma-Charoen Rd Nongkhaem Bangkok 10160 Bangkok",Thailand,Apparel
Adidas,Thuan Phuong Embroideries Garments Company Limited Binh Chanh Factory,"D15/8 Dinh Duc Thien, Hamlet 4, Binh Chanh Commune, Binh Chanh District Thanh pho Ho Chi Minh",Vietnam,Apparel
Adidas,V. Fraas GmbH,"Orter Strasse 6, Helmbrechts,95233 Freistaat Bayern Helmbrechts 95233 Freistaat Bayern",Germany,Accessories
Adidas,"VAS Garment (Thailand) Co., Ltd.","30 Moo 13, Kaeng Loeng Jan Muang Mahasarakham 44000 Maha Sarakham",Thailand,Apparel
Adidas,World Knits Ltd. (Quartier Militaire),New Road Vuillemin Quartier Militaire Militaire 81106,Mauritius,Apparel
Adidas,Yancheng Ever-Development Garment & Gifts Co. Ltd.,Yancheng,China,Not Mentioned
Adidas,"Young Sporting Goods (Suzhou) Co., Ltd.",No.498 ChangAn Road Wujiang Economic & Technological Development Zone Suzhou 215200 Jiangsu,China,Accessories
Adidas,"Yupoong Vietnam Co., Ltd.","Lot A-2,3,4, LOTECO EPZ, Bien Hoa, Dong Nai Province Bien Hoa 71000 Dong Nai",Vietnam,Apparel
Levis,Cosmopolitan Industries PVT Ltd,"Khejur Bagan, Bara Ashulia,
Savar, Dhaka",Bangladesh,Apparel
Levis,Kenpark Bangladesh (Pvt) Ltd (Unit 1),"Sector 8, Plot 31-42, Ctg Export
Processing Zone, Chittagong",Bangladesh,Apparel
Levis,Blue Ocean Confeccoes Ltda,"Rua Desembargador Clotario Portugal No. 58, Apucarana Parana",Brazil,Accessories
Levis,Pituka Ind Com Benefeciamento De Fios Ltda,"AV. Joao Paulo Ablas,592 - Jardim Da Gloria, Cotia - SP Sudeste - Sao Paulo",Brazil,Apparel
Levis,Canton Unicorn Leather Goods Factory,"No. 67, Zhenxing Road, Shiling Town, Huadu District, Guangzhou City, Guangdong, Guangzhou Guangdong",China,Accessories
Levis,Changzhou Tooku Garments Co Ltd (Finishing sub factory),"No.2 Jinghu Road,Xinbei District, Changzhou, Jiangsu, Changzhou",China,Apparel
Levis,"Dezhou Excellent Garment MFG Co.,Ltd","Block 2, 16 Grand Road, Tianqu Industrial Park, Decheng District, Dezhou City, Shandong, Dezhou City Shandong",China,Apparel
Levis,"FUJIAN DONGFANG LIELANG CLOTHING WEAVING CO.,LTD","HUANGSHI INDUSTRIAL ZONE, HUANGSHI TOWN, LICHENG DISTRICT,, Putian Fujian",China,Footwear
Levis,"Fujian Huaang Sport Goods Co.,Ltd","No.221,East Huancun Road,
Jiangtou Village,Chendai Town,Jinjiang City,Fujian Province, Jinjiang Fujian",China,Footwear
Levis,"Hangzhou Fanduote Garments,Co Ltd.","NO.53 CHUNCHAO ROAD, SOUTH BLOCK, XIAOSHAN ECONOMIC DEVELOPMENT ZONE, Hangzhou Zhejiang",China,Apparel
Levis,"Nantong Foremost Headwears Co., Ltd","No.18, Fumei Road, Qinzao Town, Gangzha, Nantong Jiangsu",China,Accessories
Levis,"Shanghai QinFa Fashion Co.,Ltd","No.102-2 Jinyu Road, Songjiang, Shanghai",China,Not Mentioned
Levis,"Shaoxing Maidilang Tie & Accessory Co., Ltd","No.777, Yijing Road, Shengzhou Economy Development Zone, Shengzhou, Zhejiang, China, Shengzhou Zhejiang",China,Accessories
Levis,"Super Performance Textile (Shenzhen) Co., Ltd","Mid-Dan Zi Road, Ping Shan district, Shenzhen, Guangdong, Shenzhen Guangdong",China,Apparel
Levis,"Suzhou Blue Seagull Fashion Co., Ltd","Economy Exploiture Section, Liantang Town, Changshu, Jiangsu, Changshu Jiangsu",China,Accessories
Levis,"Zhejiang Babei Necktie Weaving Co.,Ltd","NO.788 YIJING Road,Shengzhou City,Zhejiang, Shengzhou Zhejiang",China,Accessories
Levis,Maytex,"15 May City Industrial Zone #1 Industrial Zone Part 1, Helwan, Cairo, Cairo",Egypt,Apparel
Levis,BPS Industries - Unit B,"Units 15 to 18, SDF 2, Phase 2, MEPZ-SEZ,Tambaram, Chennai",India,Accessories
Levis,BPS Industries Unit 28 & 29,"SDF - III, Phase - II, MEPZ - SEZ, Tambaram,, Chennai",India,Accessories
Levis,Everblue Apparels Ltd,"# D1 & D2, KIADB Industrial Area, Bangalore",India,Apparel
Levis,Sunrise Fashions,"No. 27/2, Gottigere Village, Bannerghatta Road, Bangalore",India,Apparel
Levis,Minoronzoni srl,"VIA ENRICO FERMI -24036 PONTE SAN PIETRO BERGAMO ITALY, Ponte S Pietro",Italy,Accessories
Levis,Aquarelle Madagascar S.A,"Zone Forello Tanjombato,Antananarivo 101, Antananarivo",Madagascar,Apparel
Levis,Altima Textil Laguna SRL de CV,"Av. Allende 1995 Ote., Torreon",Mexico,Apparel
Levis,Malhas Sonix S.A.,"Rue Filipa Borges 1163, Apartado 216, Barcelos",Portugal,Apparel
Levis,sc Bellarma srl,"Str. EUROPA UNITA nr. 13 CAP: 550018 SIBIU ROMANIA, Sibiu",Romania,Accessories
Levis,SC BONTIMES SRL,"ROMANIA, Timis, Dumbravita, Str. GRAMMA II nr. 1, Timis",Romania,Footwear
Levis,Hela Clothing (Pvt) Ltd. Thihariya,"875, Rosimer Estate, Kandy Road, Thihariya,, Nittambuwa",Sri Lanka,Apparel
Levis,Hirdaramani Garments Katunayake (Pvt) Ltd,"Ring Road 2, K.E.P.Z. Katunayake, Katunayake Katunayake",Sri Lanka,Apparel
Levis,Hirdaramani Industries Pvt Ltd Kahathuduwa,"No 279 Horana Road, Kahathuduwa, Kahathuduwa",Sri Lanka,Apparel
Levis,Hirdaramani Mercury Apparel (Pvt) Ltd - Seethawaka- tops&bottoms,"Lot No : F -2,Seethawaka Industrial Park,Avissawella, Seethawaka",Sri Lanka,Apparel
Levis,Hirdaramani Mercury Apparel (Pvt)Ltd Katunayake (new),"Ring Road 1, EPZ,, Katunayake Katunayake",Sri Lanka,Apparel
Levis,MRC Associate Garments (Pvt) Limited,"High Level Road, Meepe., Padukka Western Province",Sri Lanka,Apparel
Levis,Vogue Tex (Private) Limited. (Kosgoda),"Hegalla, Kosgoda,, Hegalla",Sri Lanka,Apparel
Levis,Voguetex (Private) Limited,"Bulnewa, Galnewa, 80570, Galnewa",Sri Lanka,Apparel
Levis,"Eclat Textile Co,. Ltd (Viet Nam)","Road 5A, Nhon Trach II Industrial Zone, Nhon Trach District, Dong Nai",Vietnam,Apparel
Levis,Hung Long Garment & Service Joint Stock Company,"KM24, NO.5 HIGHWAY, DI SU COMMUNE, HY HAO DISTRICT, HUNG YEN PROVINCE, Hung Yen Hung Yen Province",Vietnam,Apparel
Levis,Minh Tri Company Limited,"Vinh Tuy Industrial Zone, Vinh Hung Ward, Hoang Mai District",Vietnam,Apparel
Levis,Song Hong Garment JSC - Factory 7.8.9.10,"Truong Chinh St., Xuan Truong District, Nam Dinh Province., Xuan Truong Nam Dinh",Vietnam,Apparel
Levis,"Sunjin Vina Co.,Ltd","Hoa Lan Thuan Giao Thuan An, Ho Chi Minh",Vietnam,Apparel
Levis,TNG Investment and Trading JSC- Viet Thai Garment Branch,"No.221 Thong Nhat Street, Tan Lap Ward, Thai Nguyen City, Thai Nguyen Province, Thai Nguyen Thai Nguyen",Vietnam,Apparel
MnS,EPYLLION STYLE LTD,"BAHADURPUR, BHAWAL MIRZAPUR, GAZIPUR SADA",BANGLADESH,Clothing
MnS,GOLDTEX GARMENTS LTD,"PLOT- 98-100, DHAKA EXPORT PROCESSING ZONE, BAIPAYL",BANGLADESH,Clothing
MnS,KENPARK BANGALDESH APPAREL (PVT.) LTD.(K-2),"PLOT# 69-85, KARNAPHULI EPZ, CHITTAGONG, BANGLADESH",BANGLADESH,Clothing
MnS,LEGACY FASHIONS LTD.,"KALURGHAT CHITTAGONG, 4000",BANGLADESH,Clothing
MnS,MAS INTIMATES BANGLADESH (PVT) LTD,"40 NO. NORTH PATENGA WARD, CHITTAGONG",BANGLADESH,Clothing
MnS,PANDORA SWEATERS LTD,GILAR CHALA RD,BANGLADESH,Clothing
MnS,ROSE SWEATERS LTD. (UNIT - 2),SABED ALI MUNSHI RD,BANGLADESH,Clothing
MnS,SONIA AND SWEATERS LTD,"604, KONDOLBAGH, TAIBPUR, ASHULIA ROAD",BANGLADESH,Clothing
MnS,SQUARE FASHIONS LTD,"ROKEYAPUR, JAMIRDIA, HABIRBARI, MYMENSINGH, VALUKA",BANGLADESH,Clothing
MnS,VIYELLATEX LIMITED,"297,KHAIRTUL, TONGI, GAZIPUR",BANGLADESH,Clothing
MnS,DONGGUAN QUALITY KNITWEAR LTD,"SHU JIU WEI MIAN QIAN LU, DONGGUAN SHI, GUANGDONG SHENG",CHINA,Clothing
MnS,FOSHAN SHUN DE STRATEGIC GARME,"CHENCUN INDUSTRIAL PARK, SHUNDE DISTRICT, FOSHAN CITY, GUANGDONG PROVINCE",CHINA,Clothing
MnS,HANGZHOU U-JUMP ARTS & CRAFTS,"CHONGXIAN VILLLAGE, CHONGXIAN TOWN, HANGZHOU, ZHEJIANG PROVINCE",CHINA,Clothing
MnS,JIAXING NEW REMEI FASHION CO.,"NO. 518, QUANGONG TING EAST ROAD, DUSHANGANG TOWN, PINGHU CITY, ZHEJIANG PROVINCE",CHINA,Clothing
MnS,KWONG WAI HUI DONG KNITTING,"TAIYANGAO PINGSHEN ROAD PINGSHAN TOWN, GUANGDONG",CHINA,Clothing
MnS,"SOUTH PACIFIC FASHIONS CO., LTD","WAN JIANG INDUSTRIAL AREA, WAN JIANG DISTRICT, 107 NATIONAL ROAD, DONGGUAN CITY, GUANGDONG PROVINCE",CHINA,Clothing
MnS,"WUXI JINMAO GARMENT CO., LTD.","NO.211 XINGTANG ROAD, XISHAN INDUSTRIAL",CHINA,Clothing
MnS,JAK GROUP,"356, UDYOG VIHAR INDUSTRIAL AREA PHASE VI, SECTOR 37, GURGAON, HARYANA 12200",INDIA,Accessories
MnS,BRANDIX APPAREL INDIA PVT LTD,"DUVVADA, VISAKHAPATNAM, ANDHRA PRADESH 531011",INDIA,Clothing
MnS,QUANTUM CLOTHING INDIA PVT LTD,"#12, BIAC SEZ, PUDIMADAKA ROAD, ANDHRA PRADESH, ATCHUTHAPURAM",INDIA,Clothing
MnS,RADNIK EXPORTS (186),"215, UDYOG VIHAR, PHASE-I, UDYOG VIHAR, DUNDAHERA VILLAGE, SECTOR 20, GURGAON, HARYANA 122016",INDIA,Clothing
MnS,SHAHI EXPORTS PVT LTD UNIT 12,"37/1B, AREKERE VILLAGE, BANNERGHATTA ROAD, AREKERE VILLAGE, BANNERUGHATTA, BENGALURU, KARNATAKA 560076",INDIA,Clothing
MnS,"VOGUE TEX( PVT) LTD, KOSGODA.","HEGALLE, PIYAGAMA, KOSGODA",SRI LANKA,Clothing
MnS,THAI PROGRESS GARMENT CO. LTD,"587 SOI 4/2 EXPORT PROCESSING ZONE BANG-PA-IN INDUSTRIAL ESTATE, BANG-PA-IN",THAILAND,Clothing
MnS,NESAN TRIKO KONFEKSIYON,"IKITELLI OSB MAH. AYKOSAN SANAYI SITESI 2. KISIM 17 A2 BLOK DIS KAPI NO1 IC KAPI NO.1 2 3 4 ,BASAKSEHIR, ISTANBUL",TURKEY,Clothing
MnS,UNITED SWIMWEAR APPAREL CO LTD,"LOT C1, SUOI DAU INDUSTRIAL ZONE, CAM LAM DISTRICT, KHANH HOA PROVINCE, VIETNAM",VIETNAM,Clothing
MnS,UPGAIN (VN) MFG CO LTD,"LINH TRUNG 1 E.P.Z, STREET NO. 4, LOT 64-66-68, LINH TRUNG WARD, THU DUC DISTRICT",VIETNAM,Clothing
MnS,AKH Eco Apparels Ltd,495 Balitha Shah-Belishwer Dhamrai Dhaka 1800,Bangladesh,Not Mentioned
Levis,Ananta Denim Technology Ltd,Noyabari Kanchpur Sonargaon Narayanganj,Bangladesh,Not Mentioned
MnS,Ananta Huaxiang Ltd,"222, 223, H2-H4, Adamjee Epz Shiddirgonj Narayanganj Dhaka",Bangladesh,Not Mentioned
PVH,Bosideng Co Ltd Changshu Garment Factory,Bosideng Industrial Zone(Baimao Industrial Zone) Baimao Industrial Zone Changshu City Jiangsu Province,China,Not Mentioned
MnS,Coast to Coast Pvt Ltd,Bashon Mouza: 35 Chandana Itahata Gazipur Sadar Gazipur 1702,Bangladesh,Not Mentioned
PVH,Crescent Fashion & Design Limited,Beximco Industrial Park Sarabo Kashimpur Gazipur Dhaka,Bangladesh,Not Mentioned
MnS,Dongguan Suscong Healthcare Co Ltd,Group 1 Xisha Village Gaobu Town Dongguan City Guangdong Province,China,Not Mentioned
PVH,Four H Apparels Ltd,295 Jalalabad Baluchara Hathazari Road Chittagong 4214,Bangladesh,Not Mentioned
MnS,Four H Lingerie Limited,Brtc Bus Depot Baluchara Hathajari Road Chittagong 4335,Bangladesh,Not Mentioned
MnS,Habitus Fashion Ltd,Gazariapara Bhowal Mirzapur Gazipur,Bangladesh,Not Mentioned
MnS,Haining IRIM Leather Co Ltd,Building 1 #623 Luolong Road Haichang Street Haining City Zhejiang Province,China,Not Mentioned
Levis,Interloop Limited HDI,1-Km Khurrianwala Jaranwala Road Faisalabad,Pakistan,Not Mentioned
MnS,Irma Cosmetics Co Ltd,No 55 Tianhu South Road Qujiang District Quzhou City Zhejiang,China,Not Mentioned
MnS,Jiangsu Suntex Garments Limited,No 85 Shidai Road Luhe Economic Development Zone Nanjing Jiangsu Province,China,Not Mentioned
Levis,Jiaxing Qiselang Garment Co Ltd,Yandong Village Wuyuan Town Haiyan County Zhejiang Province,China,Not Mentioned
Levis,Nishat Mills Limited Apparels Division,7-Km Nishat Avenue Off 22-Km Feroze Pur Road Lahore Punjab,Pakistan,Not Mentioned
MnS,NJ Screen Prints,8 Nuffield Road Harrowbrook Industrial Estate Hinckley Leicestershire Le10 3Dj,United kingdom,Not Mentioned
MnS,Pankaj Mercantile Company,101 Everest House 6 Suren Road Andheri (East) Mumbai Maharashtra 400 093,India,Not Mentioned
MnS,Rockline Industries Ltd Redditch,Heming Road Redditch Worcester B98 0Dh,United kingdom,Not Mentioned
PVH,Rongcheng Zheng Qinghe,No. 329 Jiangshang Road Shidao District Rong Cheng Shandong Province,China,Not Mentioned
Levis,Rudong Knitit Fashion Accessory Co Ltd,No 18 Huanghe Road Rudong County Nantong City Jiangsu Province,China,Not Mentioned
MnS,Sargam Exports Ltd Plot 152 153,"152-153, Phase-I Udyog Vihar Gurgaon Haryana",India,Not Mentioned
MnS,Sargam Exports Ltd Plot 210,Plot No. 210 Phase I Udyog Vihar Gurgaon Haryana 122016,India,Not Mentioned
Levis,Shengzhou Yuelong Tie And Apparel Co Ltd,"No.55, Yuexiang Road Sanjiang Sub-District Shengzhou Zhejiang",China,Not Mentioned
Levis,Splendid Chance International Ltd,New Road Sangkat Toul Sangker Khan Russey Keo Phnom Penh,Cambodia,Not Mentioned
MnS,Sungkwang Apparels Ltd,Plot No 1384-86 1420-21 Vogra Bason Sarak Chandona Gazipur,Bangladesh,Not Mentioned
Levis,Tanzania Tooku Garments Co Ltd,Plot No.22&23 Benjamin William Mkapa Export Processing Zone Mandela Road Ubungo External Dar Es Salaam,Tanzania,Not Mentioned
MnS,Texport Syndicate I Ltd B3F,#85 (Basement) Industrial Suburb 2Nd Phase Yeshwanthpur Bangalore Karnataka 560022,India,Not Mentioned
MnS,Texport Syndicate India Ltd Unit 4,Unit 4 No. 40/2 Dasanapura Opp. Surat Goods Carrier Madanayakanahalli Tumkur Road Bangalore 562123,India,Not Mentioned
MnS,Tian Run Garment Limited,Han Xi Shui Village Cha Shan Town Dongguan City Guangdong Province,China,Not Mentioned
MnS,Ugur Konfeksiyon San Ve Tic As Sapanca,Cayici Mh Aslan Korpi Sk No 18 Sapanca Sakarya 54600,Turkey,Not Mentioned
PVH,Unimas Sportswear,Bagbari Kashimpur Gazipur Sadar,Bangladesh,Not Mentioned
Levis,US Apparel Pvt Ltd Unit 5,3.5Km Defence Raiwind Road Lahore Punab,Pakistan,Not Mentioned
MnS,Ventura Bangladesh Ltd,"Plot No, 65,66,67,68,69, Karnaphuli Export Processing Zone ( Kepz) North Patenga Chittagong 4204",Bangladesh,Not Mentioned
MnS,Vinty Impex,A 57-58 Okhla Industrial Area Phase 1 New Delhi 110020,India,Not Mentioned
MnS,Yantai Langlang Fashion Co Ltd,No. 27 Haixing Road Yantai Haiyang Shandong,China,Not Mentioned
Levis,Yixin Xiamen Leather Goods Co Ltd,"Fengnan Farm, Dapu Village Xinmin Town Tongan District Xia Men City Fujian Province 361003",China,Not Mentioned
Levis,Zhangjiagang Jinxing Garment Co Ltd,1 Zhangji Village Yangshe Town Zhangjiagang Jiangsu,China,Not Mentioned
MnS,Zhangjiagang Modat Co Ltd,No 32 Zhongxing Road Zhangjiagang Economic Development Zone Zhangjiaguang City Jiangsu Province,China,Not Mentioned
MnS,Zhejiang BangJie Digital Knitting Share Co Ltd,South Section Suxi Town Yiwu City Zhejiang Province 322009,China,Not Mentioned
MnS,Zhejiang Goldtop Hat & Fashion Co Ltd,"No 5, 2Nd Danchen Road Beiyuan Industrial Zone Yiwu City Zhejiang Province",China,Not Mentioned
Levis,"A First Vina Co., Ltd.","Street 2, Tam Phuoc Industrial Zone Bien Hoa 810000 Dong Nai",Vietnam,Apparel
Levis,Bac Giang Garment Corporation,"349 Giap Hai, Dinh Ke Ward Bac Giang 23000 Bac Giang",Vietnam,Apparel
Levis,Ceylon Knit Trend (Pvt) Limited,Divurumpitiya Getahetta Eheliyagoda 70620 Sabaragamuwa,Sri Lanka,Apparel
Levis,ChangZhou QingQing Knitting Factory,"1/F, Block D, No. 1315, JinSha Avenue, JinTan District, ChangZhou 213234 Jiangsu",China,Apparel
PVH,DOMEX (QUANG NAM) COMPANY LIMITED,"Lot B/B1, Ha Lam Industrial Group, Binh Phuc Commune, Duoc Market Thang Binh District 51000 Quang Nam",Vietnam,Apparel
PVH,"Eishin Co., Ltd Fukushima Factory",43-1 Izumisaki Bouzukubo Izumisaki Mura Nishishirakawagun Fukushima 969-0101,Japan,Accessories
Levis,"Fashion Garments 2 Co., Ltd","Road 3, Bien Hoa Industry zone 1, Bien Hoa city, Dong Nai Province Bien Hoa 71000 Dong Nai",Vietnam,Apparel
Levis,"Fashion Garments 2 Co., Ltd - Tan Phu Branch","Road 3, Tan Phu Industrial Zone, Tan Phu District Bien Hoa 71000 Dong Nai",Vietnam,Apparel
Levis,"Fashion Garments 2 Co., Ltd (Unit 2)","Road # 13A, Bien Hoa Industrial Zone II Bien Hoa 71000 Dong Nai",Vietnam,Apparel
MnS,Fook Wah Kun Kee Garment (Shenzhen) Ltd.,Shenzhen,China,Not Mentioned
MnS,Frog Prince Daily Chemical Company Limited,Zhangzhou,China,Not Mentioned
MnS,Gelal Corap Sanayi ve Ticaret A.S. - IST,Akcaburgaz Mah. 117. Sok. No:2 Esenyurt Istanbul 34500 Istanbul,Turkey,Accessories
MnS,Haining United Socks Co. Ltd,No. 360 Haifeng Road Haichang Street Haining 314400 Zhejiang,China,Accessories
Levis,Impression Apparel Group S.A. de C.V.,"Blvd. Del Ejercito Km 8 1/2 Y Calle Cooperativa Algodonera, Edificio 1, Soyapango San Salvador",El Salvador,Apparel
Levis,Industrias Merlet S.A. DE C.V.,Calle Circunvalacion Polg. A #3 Urb. Industrial Plan de La Laguna Antiguo Cuscatlan n/a La Libertad,El Salvador,Apparel
Levis,Interloop Limited (Hosiery Division I),1-Km Khurrianwala-Jaranwala Road Khurrianwala-faisalabad Faisalabad 37630 Punjab,Pakistan,Accessories
MnS,Jintan Qingqing Knitted Factory,Changzhou,China,Not Mentioned
Levis,Karnaphuli Shoes Industries Limited (Garment Unit),"Korean Export Processing Zone Anowara, Chittagong 4371 Chittagong",Bangladesh,Apparel
MnS,Kenpark Bangladesh Apparel (Pvt) Ltd [K-5],"Plot #14/23, Sector #2 Karnaphuli Export Processing Zone Chittagong 4204 Chittagong",Bangladesh,Apparel
Levis,"LEXCO CO., LTD.","street number 10 factory 22&23, Long Thanh IZ Long Thanh 71000 Dong Nai",Vietnam,Accessories
Levis,MASOOD TEXTILE MILLS LIMITED,Sahianwala Road Khurrianwala Faisalabad 38000 Punjab,Pakistan,Apparel
Levis,PT Dada Indonesia,"Jl. Raya Sadang Ciwangi, Kec. Bungursari Purwakarta 41118 Jawa Barat",Indonesia,Apparel
PVH,"Regina Miracle International Vietnam Co., ltd","No 9 East Ð West Road, VSIP Hai Phong Thuy Nguyen District, Dinh Vu Economic Zone, Cat Hai Hai Phong 84",Vietnam,Apparel
PVH,Regina Miracle Intimate Apparel (Shenzhen) Ltd.,"No.5 Cengyao Industrial Estate Yulu, Gongming Baoan Gongming Yulu Bao'an District Shenzhen 518132 Guangdong",China,Apparel
Levis,Renfro India Private Ltd.,"Gat No. 1231 (Part) Sanaswadi, Taluka Shirur District Pune Pune 412208 Maharashtra",India,Accessories
PVH,Supertex S.A.,Carrera 35 No-10-707 Acopy Yumbo n/a Valle del Cauca,Colombia,Apparel
Levis,"Thong Thai Textile (Myanmar) Co.,Ltd","175 Pan Be Kaung Mg Khet Street , Hliang Thar Yar Zone (1) Hliang Thar Yar Township 11401 Yangon",Myanmar,Apparel
Levis,"Thong Thai Textile Co., Ltd.","No. 21, Soi Phetkasem 81 Ma-Charoen Rd Nongkhaem Bangkok 10160 Bangkok",Thailand,Apparel
Levis,Thuan Phuong Embroideries Garments Company Limited Binh Chanh Factory,"D15/8 Dinh Duc Thien, Hamlet 4, Binh Chanh Commune, Binh Chanh District Thanh pho Ho Chi Minh",Vietnam,Apparel
MnS,V. Fraas GmbH,"Orter Strasse 6, Helmbrechts,95233 Freistaat Bayern Helmbrechts 95233 Freistaat Bayern",Germany,Accessories
Levis,"VAS Garment (Thailand) Co., Ltd.","30 Moo 13, Kaeng Loeng Jan Muang Mahasarakham 44000 Maha Sarakham",Thailand,Apparel
MnS,World Knits Ltd. (Quartier Militaire),New Road Vuillemin Quartier Militaire Militaire 81106,Mauritius,Apparel
PVH,Yancheng Ever-Development Garment & Gifts Co. Ltd.,Yancheng,China,Not Mentioned
PVH,"Young Sporting Goods (Suzhou) Co., Ltd.",No.498 ChangAn Road Wujiang Economic & Technological Development Zone Suzhou 215200 Jiangsu,China,Accessories
Levis,"Yupoong Vietnam Co., Ltd.","Lot A-2,3,4, LOTECO EPZ, Bien Hoa, Dong Nai Province Bien Hoa 71000 Dong Nai",Vietnam,Apparel
MnS,Cosmopolitan Industries PVT Ltd,"Khejur Bagan, Bara Ashulia,
Savar, Dhaka",Bangladesh,Apparel
MnS,Kenpark Bangladesh (Pvt) Ltd (Unit 1),"Sector 8, Plot 31-42, Ctg Export
Processing Zone, Chittagong",Bangladesh,Apparel
PVH,Blue Ocean Confeccoes Ltda,"Rua Desembargador Clotario Portugal No. 58, Apucarana Parana",Brazil,Accessories
PVH,Pituka Ind Com Benefeciamento De Fios Ltda,"AV. Joao Paulo Ablas,592 - Jardim Da Gloria, Cotia - SP Sudeste - Sao Paulo",Brazil,Apparel
PVH,Canton Unicorn Leather Goods Factory,"No. 67, Zhenxing Road, Shiling Town, Huadu District, Guangzhou City, Guangdong, Guangzhou Guangdong",China,Accessories
PVH,Changzhou Tooku Garments Co Ltd (Finishing sub factory),"No.2 Jinghu Road,Xinbei District, Changzhou, Jiangsu, Changzhou",China,Apparel
PVH,"Dezhou Excellent Garment MFG Co.,Ltd","Block 2, 16 Grand Road, Tianqu Industrial Park, Decheng District, Dezhou City, Shandong, Dezhou City Shandong",China,Apparel
PVH,"FUJIAN DONGFANG LIELANG CLOTHING WEAVING CO.,LTD","HUANGSHI INDUSTRIAL ZONE, HUANGSHI TOWN, LICHENG DISTRICT,, Putian Fujian",China,Footwear
PVH,"Fujian Huaang Sport Goods Co.,Ltd","No.221,East Huancun Road,
Jiangtou Village,Chendai Town,Jinjiang City,Fujian Province, Jinjiang Fujian",China,Footwear
MnS,"Hangzhou Fanduote Garments,Co Ltd.","NO.53 CHUNCHAO ROAD, SOUTH BLOCK, XIAOSHAN ECONOMIC DEVELOPMENT ZONE, Hangzhou Zhejiang",China,Apparel
MnS,"Nantong Foremost Headwears Co., Ltd","No.18, Fumei Road, Qinzao Town, Gangzha, Nantong Jiangsu",China,Accessories
PVH,"Shanghai QinFa Fashion Co.,Ltd","No.102-2 Jinyu Road, Songjiang, Shanghai",China,Not Mentioned
PVH,"Shaoxing Maidilang Tie & Accessory Co., Ltd","No.777, Yijing Road, Shengzhou Economy Development Zone, Shengzhou, Zhejiang, China, Shengzhou Zhejiang",China,Accessories
MnS,"Super Performance Textile (Shenzhen) Co., Ltd","Mid-Dan Zi Road, Ping Shan district, Shenzhen, Guangdong, Shenzhen Guangdong",China,Apparel
MnS,"Suzhou Blue Seagull Fashion Co., Ltd","Economy Exploiture Section, Liantang Town, Changshu, Jiangsu, Changshu Jiangsu",China,Accessories
PVH,"Zhejiang Babei Necktie Weaving Co.,Ltd","NO.788 YIJING Road,Shengzhou City,Zhejiang, Shengzhou Zhejiang",China,Accessories
PVH,Maytex,"15 May City Industrial Zone #1 Industrial Zone Part 1, Helwan, Cairo, Cairo",Egypt,Apparel
MnS,BPS Industries - Unit B,"Units 15 to 18, SDF 2, Phase 2, MEPZ-SEZ,Tambaram, Chennai",India,Accessories
MnS,BPS Industries Unit 28 & 29,"SDF - III, Phase - II, MEPZ - SEZ, Tambaram,, Chennai",India,Accessories
MnS,Everblue Apparels Ltd,"# D1 & D2, KIADB Industrial Area, Bangalore",India,Apparel
MnS,Sunrise Fashions,"No. 27/2, Gottigere Village, Bannerghatta Road, Bangalore",India,Apparel
PVH,Minoronzoni srl,"VIA ENRICO FERMI -24036 PONTE SAN PIETRO BERGAMO ITALY, Ponte S Pietro",Italy,Accessories
MnS,Aquarelle Madagascar S.A,"Zone Forello Tanjombato,Antananarivo 101, Antananarivo",Madagascar,Apparel
PVH,Altima Textil Laguna SRL de CV,"Av. Allende 1995 Ote., Torreon",Mexico,Apparel
PVH,Malhas Sonix S.A.,"Rue Filipa Borges 1163, Apartado 216, Barcelos",Portugal,Apparel
PVH,sc Bellarma srl,"Str. EUROPA UNITA nr. 13 CAP: 550018 SIBIU ROMANIA, Sibiu",Romania,Accessories
PVH,SC BONTIMES SRL,"ROMANIA, Timis, Dumbravita, Str. GRAMMA II nr. 1, Timis",Romania,Footwear
MnS,Hela Clothing (Pvt) Ltd. Thihariya,"875, Rosimer Estate, Kandy Road, Thihariya,, Nittambuwa",Sri Lanka,Apparel
PVH,Hirdaramani Garments Katunayake (Pvt) Ltd,"Ring Road 2, K.E.P.Z. Katunayake, Katunayake Katunayake",Sri Lanka,Apparel
PVH,Hirdaramani Industries Pvt Ltd Kahathuduwa,"No 279 Horana Road, Kahathuduwa, Kahathuduwa",Sri Lanka,Apparel
MnS,Hirdaramani Mercury Apparel (Pvt) Ltd - Seethawaka- tops&bottoms,"Lot No : F -2,Seethawaka Industrial Park,Avissawella, Seethawaka",Sri Lanka,Apparel
PVH,Hirdaramani Mercury Apparel (Pvt)Ltd Katunayake (new),"Ring Road 1, EPZ,, Katunayake Katunayake",Sri Lanka,Apparel
PVH,MRC Associate Garments (Pvt) Limited,"High Level Road, Meepe., Padukka Western Province",Sri Lanka,Apparel
PVH,Vogue Tex (Private) Limited. (Kosgoda),"Hegalla, Kosgoda,, Hegalla",Sri Lanka,Apparel
MnS,Voguetex (Private) Limited,"Bulnewa, Galnewa, 80570, Galnewa",Sri Lanka,Apparel
PVH,"Eclat Textile Co,. Ltd (Viet Nam)","Road 5A, Nhon Trach II Industrial Zone, Nhon Trach District, Dong Nai",Vietnam,Apparel
PVH,Hung Long Garment & Service Joint Stock Company,"KM24, NO.5 HIGHWAY, DI SU COMMUNE, HY HAO DISTRICT, HUNG YEN PROVINCE, Hung Yen Hung Yen Province",Vietnam,Apparel
PVH,Minh Tri Company Limited,"Vinh Tuy Industrial Zone, Vinh Hung Ward, Hoang Mai District",Vietnam,Apparel
PVH,Song Hong Garment JSC - Factory 7.8.9.10,"Truong Chinh St., Xuan Truong District, Nam Dinh Province., Xuan Truong Nam Dinh",Vietnam,Apparel
MnS,"Sunjin Vina Co.,Ltd","Hoa Lan Thuan Giao Thuan An, Ho Chi Minh",Vietnam,Apparel
MnS,TNG Investment and Trading JSC- Viet Thai Garment Branch,"No.221 Thong Nhat Street, Tan Lap Ward, Thai Nguyen City, Thai Nguyen Province, Thai Nguyen Thai Nguyen",Vietnam,Apparel
PVH,EPYLLION STYLE LTD,"BAHADURPUR, BHAWAL MIRZAPUR, GAZIPUR SADA",BANGLADESH,Clothing
PVH,GOLDTEX GARMENTS LTD,"PLOT- 98-100, DHAKA EXPORT PROCESSING ZONE, BAIPAYL",BANGLADESH,Clothing
PVH,KENPARK BANGALDESH APPAREL (PVT.) LTD.(K-2),"PLOT# 69-85, KARNAPHULI EPZ, CHITTAGONG, BANGLADESH",BANGLADESH,Clothing
PVH,LEGACY FASHIONS LTD.,"KALURGHAT CHITTAGONG, 4000",BANGLADESH,Clothing
PVH,MAS INTIMATES BANGLADESH (PVT) LTD,"40 NO. NORTH PATENGA WARD, CHITTAGONG",BANGLADESH,Clothing
PVH,PANDORA SWEATERS LTD,GILAR CHALA RD,BANGLADESH,Clothing
PVH,ROSE SWEATERS LTD. (UNIT - 2),SABED ALI MUNSHI RD,BANGLADESH,Clothing
PVH,SONIA AND SWEATERS LTD,"604, KONDOLBAGH, TAIBPUR, ASHULIA ROAD",BANGLADESH,Clothing
PVH,SQUARE FASHIONS LTD,"ROKEYAPUR, JAMIRDIA, HABIRBARI, MYMENSINGH, VALUKA",BANGLADESH,Clothing
PVH,VIYELLATEX LIMITED,"297,KHAIRTUL, TONGI, GAZIPUR",BANGLADESH,Clothing
PVH,DONGGUAN QUALITY KNITWEAR LTD,"SHU JIU WEI MIAN QIAN LU, DONGGUAN SHI, GUANGDONG SHENG",CHINA,Clothing
PVH,FOSHAN SHUN DE STRATEGIC GARME,"CHENCUN INDUSTRIAL PARK, SHUNDE DISTRICT, FOSHAN CITY, GUANGDONG PROVINCE",CHINA,Clothing
PVH,HANGZHOU U-JUMP ARTS & CRAFTS,"CHONGXIAN VILLLAGE, CHONGXIAN TOWN, HANGZHOU, ZHEJIANG PROVINCE",CHINA,Clothing
PVH,JIAXING NEW REMEI FASHION CO.,"NO. 518, QUANGONG TING EAST ROAD, DUSHANGANG TOWN, PINGHU CITY, ZHEJIANG PROVINCE",CHINA,Clothing
PVH,KWONG WAI HUI DONG KNITTING,"TAIYANGAO PINGSHEN ROAD PINGSHAN TOWN, GUANGDONG",CHINA,Clothing
PVH,"SOUTH PACIFIC FASHIONS CO., LTD","WAN JIANG INDUSTRIAL AREA, WAN JIANG DISTRICT, 107 NATIONAL ROAD, DONGGUAN CITY, GUANGDONG PROVINCE",CHINA,Clothing
PVH,"WUXI JINMAO GARMENT CO., LTD.","NO.211 XINGTANG ROAD, XISHAN INDUSTRIAL",CHINA,Clothing
PVH,JAK GROUP,"356, UDYOG VIHAR INDUSTRIAL AREA PHASE VI, SECTOR 37, GURGAON, HARYANA 12200",INDIA,Accessories
PVH,BRANDIX APPAREL INDIA PVT LTD,"DUVVADA, VISAKHAPATNAM, ANDHRA PRADESH 531011",INDIA,Clothing
PVH,QUANTUM CLOTHING INDIA PVT LTD,"#12, BIAC SEZ, PUDIMADAKA ROAD, ANDHRA PRADESH, ATCHUTHAPURAM",INDIA,Clothing
PVH,RADNIK EXPORTS (186),"215, UDYOG VIHAR, PHASE-I, UDYOG VIHAR, DUNDAHERA VILLAGE, SECTOR 20, GURGAON, HARYANA 122016",INDIA,Clothing
PVH,SHAHI EXPORTS PVT LTD UNIT 12,"37/1B, AREKERE VILLAGE, BANNERGHATTA ROAD, AREKERE VILLAGE, BANNERUGHATTA, BENGALURU, KARNATAKA 560076",INDIA,Clothing
PVH,"VOGUE TEX( PVT) LTD, KOSGODA.","HEGALLE, PIYAGAMA, KOSGODA",SRI LANKA,Clothing
PVH,THAI PROGRESS GARMENT CO. LTD,"587 SOI 4/2 EXPORT PROCESSING ZONE BANG-PA-IN INDUSTRIAL ESTATE, BANG-PA-IN",THAILAND,Clothing
PVH,NESAN TRIKO KONFEKSIYON,"IKITELLI OSB MAH. AYKOSAN SANAYI SITESI 2. KISIM 17 A2 BLOK DIS KAPI NO1 IC KAPI NO.1 2 3 4 ,BASAKSEHIR, ISTANBUL",TURKEY,Clothing
PVH,UNITED SWIMWEAR APPAREL CO LTD,"LOT C1, SUOI DAU INDUSTRIAL ZONE, CAM LAM DISTRICT, KHANH HOA PROVINCE, VIETNAM",VIETNAM,Clothing
PVH,UPGAIN (VN) MFG CO LTD,"LINH TRUNG 1 E.P.Z, STREET NO. 4, LOT 64-66-68, LINH TRUNG WARD, THU DUC DISTRICT",VIETNAM,Clothing
PVH,AKH Eco Apparels Ltd,495 Balitha Shah-Belishwer Dhamrai Dhaka 1800,Bangladesh,Not Mentioned
PVH,Four H Lingerie Limited,Brtc Bus Depot Baluchara Hathajari Road Chittagong 4335,Bangladesh,Not Mentioned
PVH,Jiangsu Suntex Garments Limited,No 85 Shidai Road Luhe Economic Development Zone Nanjing Jiangsu Province,China,Not Mentioned
PVH,Shengzhou Yuelong Tie And Apparel Co Ltd,"No.55, Yuexiang Road Sanjiang Sub-District Shengzhou Zhejiang",China,Not Mentioned
PVH,Fook Wah Kun Kee Garment (Shenzhen) Ltd.,Shenzhen,China,Not Mentioned
PVH,Kenpark Bangladesh Apparel (Pvt) Ltd [K-5],"Plot #14/23, Sector #2 Karnaphuli Export Processing Zone Chittagong 4204 Chittagong",Bangladesh,Apparel
PVH,MASOOD TEXTILE MILLS LIMITED,Sahianwala Road Khurrianwala Faisalabad 38000 Punjab,Pakistan,Apparel
PVH,V. Fraas GmbH,"Orter Strasse 6, Helmbrechts,95233 Freistaat Bayern Helmbrechts 95233 Freistaat Bayern",Germany,Accessories
PVH,Kenpark Bangladesh (Pvt) Ltd (Unit 1),"Sector 8, Plot 31-42, Ctg Export
Processing Zone, Chittagong",Bangladesh,Apparel
PVH,"Nantong Foremost Headwears Co., Ltd","No.18, Fumei Road, Qinzao Town, Gangzha, Nantong Jiangsu",China,Accessories
PVH,Hela Clothing (Pvt) Ltd. Thihariya,"875, Rosimer Estate, Kandy Road, Thihariya,, Nittambuwa",Sri Lanka,Apparel
Adidas,"Yupoong Vietnam Co., Ltd.","Lot A-2,3,4, LOTECO EPZ, Bien Hoa, Dong Nai Province Bien Hoa 71000 Dong Nai",Vietnam,Accessories
Levis,"Yupoong Vietnam Co., Ltd.","Lot A-2,3,4, LOTECO EPZ, Bien Hoa, Dong Nai Province Bien Hoa 71000 Dong Nai",Vietnam,Accessories