HScode,Group,ID
501025,Silk,AO
511025,Wool,BJ
521025,Cotton,BW
531025,Paper Yarn,BF
541025,Man-made filaments,BI
551025,Man-made staple fibres,CM
561025,Wadding,CV
571025,Capets and floor coverings,CF
581025,"Trimmings, lace and embriodery",TD
591025,laminated fabric,KM
601025,Knitted fabric,CD
611025,Articles of knitted apparel,CG
621025,Articles of non-knitted apparel,CI
631025,Other textile articles,GQ
501026,Silk,ER
511026,Wool,ET
521026,Cotton,GA
531026,Paper Yarn,GM
541026,Man-made filaments,GH
551026,Man-made staple fibres,GN
561026,Wadding,GW
571026,Capets and floor coverings,KE
581026,"Trimmings, lace and embriodery",LS
591026,laminated fabric,LR
601026,Knitted fabric,MG
611026,Articles of knitted apparel,MW
621026,Articles of non-knitted apparel,ML
631026,Other textile articles,MR
501027,Silk,MU
511027,Wool,YT
521027,Cotton,MZ
531027,Paper Yarn,
541027,Man-made filaments,NE
551027,Man-made staple fibres,NG
561027,Wadding,RE
571027,Capets and floor coverings,RW
581027,"Trimmings, lace and embriodery",SH
591027,laminated fabric,ST
601027,Knitted fabric,SN
611027,Articles of knitted apparel,SC
621027,Articles of non-knitted apparel,SL
631027,Other textile articles,SO
501028,Silk,ZA
511028,Wool,South Sudan
521028,Cotton,SD
531028,Paper Yarn,SZ
541028,Man-made filaments,TZ
551028,Man-made staple fibres,TG
561028,Wadding,UG
571028,Capets and floor coverings,ZM
581028,"Trimmings, lace and embriodery",ZW
591028,laminated fabric,AF
601028,Knitted fabric,BD
611028,Articles of knitted apparel,BT
621028,Articles of non-knitted apparel,IN
631028,Other textile articles,MV
501029,Silk,NP
511029,Wool,PK
521029,Cotton,LK
531029,Paper Yarn,DZ
541029,Man-made filaments,BH
551029,Man-made staple fibres,DJ
561029,Wadding,EG
571029,Capets and floor coverings,IR
581029,"Trimmings, lace and embriodery",IQ
591029,laminated fabric,IL
601029,Knitted fabric,JO
611029,Articles of knitted apparel,KW
621029,Articles of non-knitted apparel,LB
631029,Other textile articles,LY
501030,Silk,MA
511030,Wool,OM
521030,Cotton,QA
531030,Paper Yarn,SA
541030,Man-made filaments,SY
551030,Man-made staple fibres,TN
561030,Wadding,AE
571030,Capets and floor coverings,PS
581030,"Trimmings, lace and embriodery",YE
591030,laminated fabric,AI
601030,Knitted fabric,AG
611030,Articles of knitted apparel,AR
621030,Articles of non-knitted apparel,AW
631030,Other textile articles,BS
501031,Silk,BB
511031,Wool,BZ
521031,Cotton,BM
531031,Paper Yarn,BO
541031,Man-made filaments,BR
551031,Man-made staple fibres,VG
561031,Wadding,CA
571031,Capets and floor coverings,KY
581031,"Trimmings, lace and embriodery",CL
591031,laminated fabric,CO
601031,Knitted fabric,CR
611031,Articles of knitted apparel,CU
621031,Articles of non-knitted apparel,DM
631031,Other textile articles,DO
501032,Silk,EC
511032,Wool,SV
521032,Cotton,FK
531032,Paper Yarn,GF
541032,Man-made filaments,GD
551032,Man-made staple fibres,GP
561032,Wadding,GT
571032,Capets and floor coverings,GY
581032,"Trimmings, lace and embriodery",HT
591032,laminated fabric,HN
601032,Knitted fabric,JM
611032,Articles of knitted apparel,MQ
621032,Articles of non-knitted apparel,MX
631032,Other textile articles,MS
501033,Silk,AN
511033,Wool,NI
521033,Cotton,PA
531033,Paper Yarn,PY
541033,Man-made filaments,PE
551033,Man-made staple fibres,PR
561033,Wadding,BL
571033,Capets and floor coverings,MF
581033,"Trimmings, lace and embriodery",PM
591033,laminated fabric,KN
601033,Knitted fabric,LC
611033,Articles of knitted apparel,VC
621033,Articles of non-knitted apparel,SR
631033,Other textile articles,TT
501034,Silk,TC
511034,Wool,US
521034,Cotton,UY
531034,Paper Yarn,AL
541034,Man-made filaments,AD
551034,Man-made staple fibres,AM
561034,Wadding,AT
571034,Capets and floor coverings,AZ
581034,"Trimmings, lace and embriodery",BY
591034,laminated fabric,BE
601034,Knitted fabric,BA
611034,Articles of knitted apparel,BG
621034,Articles of non-knitted apparel,Channel_Islands
631034,Other textile articles,HR
501035,Silk,CY
511035,Wool,CZ
521035,Cotton,DK
531035,Paper Yarn,EE
541035,Man-made filaments,FO
551035,Man-made staple fibres,FI
561035,Wadding,FR
571035,Capets and floor coverings,GE
581035,"Trimmings, lace and embriodery",DE
591035,laminated fabric,GI
601035,Knitted fabric,GR
611035,Articles of knitted apparel,GL
621035,Articles of non-knitted apparel,GG
631035,Other textile articles,Holy_See
501036,Silk,HU
511036,Wool,IS
521036,Cotton,IE
531036,Paper Yarn,IM
541036,Man-made filaments,IT
551036,Man-made staple fibres,JE
561036,Wadding,KZ
571036,Capets and floor coverings,Kosovo
581036,"Trimmings, lace and embriodery",KG
591036,laminated fabric,LV
601036,Knitted fabric,LI
611036,Articles of knitted apparel,LT
621036,Articles of non-knitted apparel,LU
631036,Other textile articles,MK
501037,Silk,MT
511037,Wool,MD
521037,Cotton,MC
531037,Paper Yarn,ME
541037,Man-made filaments,NL
551037,Man-made staple fibres,Northern_Cyprus
561037,Wadding,NO
571037,Capets and floor coverings,PL
581037,"Trimmings, lace and embriodery",PT
591037,laminated fabric,RO
601037,Knitted fabric,RU
611037,Articles of knitted apparel,SM
621037,Articles of non-knitted apparel,RS
631037,Other textile articles,Serbia_excluding_Kosovo
501038,Silk,SK
511038,Wool,SI
521038,Cotton,ES
531038,Paper Yarn,SJ
541038,Man-made filaments,SE
551038,Man-made staple fibres,CH
561038,Wadding,TJ
571038,Capets and floor coverings,TR
581038,"Trimmings, lace and embriodery",TM
591038,laminated fabric,UA
601038,Knitted fabric,GB
611038,Articles of knitted apparel,UZ
621038,Articles of non-knitted apparel,AX
631038,Other textile articles,AS
501039,Silk,AU
511039,Wool,BN
521039,Cotton,KH
531039,Paper Yarn,CN
541039,Man-made filaments,CX
551039,Man-made staple fibres,CC
561039,Wadding,CK
571039,Capets and floor coverings,FJ
581039,"Trimmings, lace and embriodery",PF
591039,laminated fabric,GU
601039,Knitted fabric,HK
611039,Articles of knitted apparel,ID
621039,Articles of non-knitted apparel,JP
631039,Other textile articles,KI
501040,Silk,KP
511040,Wool,KR
521040,Cotton,LA
531040,Paper Yarn,MO
541040,Man-made filaments,MY
551040,Man-made staple fibres,MH
561040,Wadding,FM
571040,Capets and floor coverings,MN
581040,"Trimmings, lace and embriodery",MM
591040,laminated fabric,NR
601040,Knitted fabric,NC
611040,Articles of knitted apparel,NZ
621040,Articles of non-knitted apparel,NU
631040,Other textile articles,NF
501041,Silk,MP
511041,Wool,PW
521041,Cotton,PG
531041,Paper Yarn,PH
541041,Man-made filaments,PN
551041,Man-made staple fibres,WS
561041,Wadding,SG
571041,Capets and floor coverings,SB
581041,"Trimmings, lace and embriodery",TW
591041,laminated fabric,TH
601041,Knitted fabric,TL
611041,Articles of knitted apparel,TK
621041,Articles of non-knitted apparel,TO
631041,Other textile articles,TV
501042,Silk,WF
511042,Wool,VE
521042,Cotton,EH
531042,Paper Yarn,VN
541042,Man-made filaments,VI
551042,Man-made staple fibres,VU